Timestamp;PPG_IR;PPG_R;Pulse rate;SpO2
2024-09-09 13:30:00;19009;137;;
2024-09-09 13:30:00;19433;199;;
2024-09-09 13:30:00;19848;152;;
2024-09-09 13:30:00;20295;211;;
2024-09-09 13:30:00;20319;180;;
2024-09-09 13:30:00;20530;225;;
2024-09-09 13:30:00;20050;120;;
2024-09-09 13:30:00;18802;189;;
2024-09-09 13:30:00;17831;151;;
2024-09-09 13:30:00;18087;278;;
2024-09-09 13:30:00;18918;283;;
2024-09-09 13:30:00;19283;337;;
2024-09-09 13:30:00;19226;273;;
2024-09-09 13:30:00;19778;299;;
2024-09-09 13:30:00;20318;311;;
2024-09-09 13:30:00;20476;318;;
2024-09-09 13:30:00;20472;237;;
2024-09-09 13:30:00;;;129;-999
2024-09-09 13:30:00;20278;131;;
2024-09-09 13:30:00;19220;320;;
2024-09-09 13:30:00;18228;322;;
2024-09-09 13:30:00;17967;326;;
2024-09-09 13:30:00;18432;237;;
2024-09-09 13:30:00;19116;123;;
2024-09-09 13:30:00;18849;265;;
2024-09-09 13:30:01;19713;178;;
2024-09-09 13:30:01;20220;327;;
2024-09-09 13:30:01;20387;317;;
2024-09-09 13:30:01;20485;240;;
2024-09-09 13:30:01;20496;214;;
2024-09-09 13:30:01;20013;180;;
2024-09-09 13:30:01;18568;246;;
2024-09-09 13:30:01;17970;290;;
2024-09-09 13:30:01;18203;338;;
2024-09-09 13:30:01;18951;297;;
2024-09-09 13:30:01;19005;175;;
2024-09-09 13:30:01;19558;257;;
2024-09-09 13:30:01;20037;282;;
2024-09-09 13:30:01;20334;331;;
2024-09-09 13:30:01;20516;203;;
2024-09-09 13:30:01;20611;343;;
2024-09-09 13:30:01;20279;311;;
2024-09-09 13:30:01;19006;222;;
2024-09-09 13:30:01;17862;189;;
2024-09-09 13:30:01;17908;207;;
2024-09-09 13:30:01;18588;348;;
2024-09-09 13:30:01;19175;314;;
2024-09-09 13:30:01;19013;218;;
2024-09-09 13:30:01;19743;200;;
2024-09-09 13:30:02;20193;192;;
2024-09-09 13:30:02;20483;343;;
2024-09-09 13:30:02;20537;310;;
2024-09-09 13:30:02;19967;207;;
2024-09-09 13:30:02;19931;208;;
2024-09-09 13:30:02;18540;197;;
2024-09-09 13:30:02;17968;344;;
2024-09-09 13:30:02;18156;320;;
2024-09-09 13:30:02;18938;223;;
2024-09-09 13:30:02;19073;203;;
2024-09-09 13:30:02;19452;187;;
2024-09-09 13:30:02;20003;339;;
2024-09-09 13:30:02;20276;316;;
2024-09-09 13:30:02;20491;323;;
2024-09-09 13:30:02;20478;259;;
2024-09-09 13:30:02;20173;148;;
2024-09-09 13:30:02;19160;287;;
2024-09-09 13:30:02;18123;314;;
2024-09-09 13:30:02;17965;324;;
2024-09-09 13:30:02;18499;268;;
2024-09-09 13:30:02;19166;138;;
2024-09-09 13:30:02;19205;295;;
2024-09-09 13:30:02;19825;301;;
2024-09-09 13:30:02;20179;347;;
2024-09-09 13:30:02;20378;274;;
2024-09-09 13:30:03;20464;151;;
2024-09-09 13:30:03;20541;312;;
2024-09-09 13:30:03;19928;248;;
2024-09-09 13:30:03;18508;354;;
2024-09-09 13:30:03;17930;267;;
2024-09-09 13:30:03;17965;152;;
2024-09-09 13:30:03;18993;290;;
2024-09-09 13:30:03;19213;296;;
2024-09-09 13:30:03;19417;341;;
2024-09-09 13:30:03;19883;261;;
2024-09-09 13:30:03;20169;147;;
2024-09-09 13:30:03;20448;211;;
2024-09-09 13:30:03;20378;195;;
2024-09-09 13:30:03;20289;204;;
2024-09-09 13:30:03;19206;244;;
2024-09-09 13:30:03;18134;340;;
2024-09-09 13:30:03;17865;301;;
2024-09-09 13:30:03;18399;187;;
2024-09-09 13:30:03;19268;195;;
2024-09-09 13:30:03;19238;239;;
2024-09-09 13:30:03;19808;342;;
2024-09-09 13:30:03;20109;303;;
2024-09-09 13:30:03;20268;196;;
2024-09-09 13:30:03;20579;207;;
2024-09-09 13:30:03;20525;239;;
2024-09-09 13:30:04;19995;346;;
2024-09-09 13:30:04;18481;324;;
2024-09-09 13:30:04;17907;325;;
2024-09-09 13:30:04;18117;231;;
2024-09-09 13:30:04;18868;125;;
2024-09-09 13:30:04;19169;315;;
2024-09-09 13:30:04;19538;318;;
2024-09-09 13:30:04;19931;331;;
2024-09-09 13:30:04;20314;237;;
2024-09-09 13:30:04;20411;125;;
2024-09-09 13:30:04;20637;317;;
2024-09-09 13:30:04;20278;326;;
2024-09-09 13:30:04;19192;325;;
2024-09-09 13:30:04;18002;234;;
2024-09-09 13:30:04;17829;123;;
2024-09-09 13:30:04;18643;305;;
2024-09-09 13:30:04;19264;321;;
2024-09-09 13:30:04;19125;324;;
2024-09-09 13:30:04;19598;248;;
2024-09-09 13:30:04;19993;125;;
2024-09-09 13:30:04;20437;315;;
2024-09-09 13:30:04;20583;325;;
2024-09-09 13:30:04;20562;330;;
2024-09-09 13:30:04;19859;242;;
2024-09-09 13:30:04;18457;118;;
2024-09-09 13:30:05;18382;117;;
2024-09-09 13:30:05;;;;-999
2024-09-09 13:30:05;;;130;
2024-09-09 13:30:05;19150;197;;
2024-09-09 13:30:05;19128;168;;
2024-09-09 13:30:05;19829;334;;
2024-09-09 13:30:05;20189;320;;
2024-09-09 13:30:05;20323;249;;
2024-09-09 13:30:05;20473;193;;
2024-09-09 13:30:05;20421;168;;
2024-09-09 13:30:05;20025;328;;
2024-09-09 13:30:05;18548;310;;
2024-09-09 13:30:05;17877;245;;
2024-09-09 13:30:05;18040;197;;
2024-09-09 13:30:05;18979;176;;
2024-09-09 13:30:05;19161;318;;
2024-09-09 13:30:05;19512;329;;
2024-09-09 13:30:05;19906;263;;
2024-09-09 13:30:05;20194;186;;
2024-09-09 13:30:05;20485;172;;
2024-09-09 13:30:05;20606;327;;
2024-09-09 13:30:05;20410;319;;
2024-09-09 13:30:05;18986;264;;
2024-09-09 13:30:05;17903;198;;
2024-09-09 13:30:05;17969;166;;
2024-09-09 13:30:05;18577;317;;
2024-09-09 13:30:06;19285;322;;
2024-09-09 13:30:06;19054;250;;
2024-09-09 13:30:06;19664;193;;
2024-09-09 13:30:06;20130;160;;
2024-09-09 13:30:06;20473;317;;
2024-09-09 13:30:06;20559;314;;
2024-09-09 13:30:06;20226;254;;
2024-09-09 13:30:06;19936;211;;
2024-09-09 13:30:06;18490;174;;
2024-09-09 13:30:06;18057;324;;
2024-09-09 13:30:06;18174;322;;
2024-09-09 13:30:06;18869;265;;
2024-09-09 13:30:06;18912;212;;
2024-09-09 13:30:06;19387;172;;
2024-09-09 13:30:06;20036;321;;
2024-09-09 13:30:06;20287;327;;
2024-09-09 13:30:06;20311;273;;
2024-09-09 13:30:06;20514;209;;
2024-09-09 13:30:06;20339;184;;
2024-09-09 13:30:06;28059;1648;;
2024-09-09 13:30:06;17916;284;;
2024-09-09 13:30:06;17830;265;;
2024-09-09 13:30:06;18420;205;;
2024-09-09 13:30:06;19155;177;;
2024-09-09 13:30:06;19244;315;;
2024-09-09 13:30:07;19745;321;;
2024-09-09 13:30:07;20033;272;;
2024-09-09 13:30:07;20357;205;;
2024-09-09 13:30:07;20515;171;;
2024-09-09 13:30:07;20579;323;;
2024-09-09 13:30:07;20135;330;;
2024-09-09 13:30:07;18444;267;;
2024-09-09 13:30:07;17893;207;;
2024-09-09 13:30:07;17949;178;;
2024-09-09 13:30:07;19045;323;;
2024-09-09 13:30:07;19203;329;;
2024-09-09 13:30:07;19209;266;;
2024-09-09 13:30:07;19818;202;;
2024-09-09 13:30:07;20288;172;;
2024-09-09 13:30:07;20519;315;;
2024-09-09 13:30:07;20556;327;;
2024-09-09 13:30:07;20304;287;;
2024-09-09 13:30:07;19515;220;;
2024-09-09 13:30:07;18116;169;;
2024-09-09 13:30:07;18016;308;;
2024-09-09 13:30:07;18448;337;;
2024-09-09 13:30:07;19149;287;;
2024-09-09 13:30:07;19060;207;;
2024-09-09 13:30:07;19565;176;;
2024-09-09 13:30:07;20120;318;;
2024-09-09 13:30:08;20144;447;;
2024-09-09 13:30:08;20436;274;;
2024-09-09 13:30:08;20526;296;;
2024-09-09 13:30:08;19873;178;;
2024-09-09 13:30:08;18740;214;;
2024-09-09 13:30:08;18024;273;;
2024-09-09 13:30:08;18044;349;;
2024-09-09 13:30:08;18862;290;;
2024-09-09 13:30:08;19032;185;;
2024-09-09 13:30:08;19368;218;;
2024-09-09 13:30:08;19882;271;;
2024-09-09 13:30:08;20311;343;;
2024-09-09 13:30:08;20443;301;;
2024-09-09 13:30:08;20359;193;;
2024-09-09 13:30:08;20436;224;;
2024-09-09 13:30:08;19572;261;;
2024-09-09 13:30:08;18328;236;;
2024-09-09 13:30:08;17868;298;;
2024-09-09 13:30:08;18185;179;;
2024-09-09 13:30:08;19213;214;;
2024-09-09 13:30:08;18999;140;;
2024-09-09 13:30:08;;;128;-999
2024-09-09 13:30:08;19635;325;;
2024-09-09 13:30:08;20137;325;;
2024-09-09 13:30:08;20362;320;;
2024-09-09 13:30:08;20462;234;;
2024-09-09 13:30:09;20382;149;;
2024-09-09 13:30:09;20116;323;;
2024-09-09 13:30:09;18842;326;;
2024-09-09 13:30:09;17944;320;;
2024-09-09 13:30:09;17896;232;;
2024-09-09 13:30:09;18800;141;;
2024-09-09 13:30:09;19220;328;;
2024-09-09 13:30:09;19290;328;;
2024-09-09 13:30:09;19822;320;;
2024-09-09 13:30:09;20139;233;;
2024-09-09 13:30:09;20348;137;;
2024-09-09 13:30:09;20612;315;;
2024-09-09 13:30:09;20479;328;;
2024-09-09 13:30:09;19542;310;;
2024-09-09 13:30:09;18240;134;;
2024-09-09 13:30:09;17797;144;;
2024-09-09 13:30:09;18420;319;;
2024-09-09 13:30:09;19224;196;;
2024-09-09 13:30:09;19167;340;;
2024-09-09 13:30:09;19589;310;;
2024-09-09 13:30:09;19954;220;;
2024-09-09 13:30:09;20374;196;;
2024-09-09 13:30:09;20536;183;;
2024-09-09 13:30:09;20567;337;;
2024-09-09 13:30:10;18193;330;;
2024-09-09 13:30:10;17972;331;;
2024-09-09 13:30:10;18527;315;;
2024-09-09 13:30:10;19145;225;;
2024-09-09 13:30:10;19165;193;;
2024-09-09 13:30:10;19723;174;;
2024-09-09 13:30:10;20213;336;;
2024-09-09 13:30:10;20413;319;;
2024-09-09 13:30:10;20445;224;;
2024-09-09 13:30:10;20509;194;;
2024-09-09 13:30:10;19934;179;;
2024-09-09 13:30:10;18590;336;;
2024-09-09 13:30:10;17882;319;;
2024-09-09 13:30:10;17981;234;;
2024-09-09 13:30:10;18917;199;;
2024-09-09 13:30:10;19129;178;;
2024-09-09 13:30:10;19565;351;;
2024-09-09 13:30:10;19990;319;;
2024-09-09 13:30:10;20241;237;;
2024-09-09 13:30:10;20499;197;;
2024-09-09 13:30:10;20585;182;;
2024-09-09 13:30:10;20432;333;;
2024-09-09 13:30:10;19077;328;;
2024-09-09 13:30:10;18090;235;;
2024-09-09 13:30:11;17890;207;;
2024-09-09 13:30:11;18526;186;;
2024-09-09 13:30:11;19339;338;;
2024-09-09 13:30:11;19170;329;;
2024-09-09 13:30:11;19620;239;;
2024-09-09 13:30:11;20139;201;;
2024-09-09 13:30:11;20350;179;;
2024-09-09 13:30:11;20650;331;;
2024-09-09 13:30:11;20555;327;;
2024-09-09 13:30:11;20013;247;;
2024-09-09 13:30:11;18496;206;;
2024-09-09 13:30:11;17964;182;;
2024-09-09 13:30:11;18110;338;;
2024-09-09 13:30:11;18993;330;;
2024-09-09 13:30:11;19063;245;;
2024-09-09 13:30:11;19372;202;;
2024-09-09 13:30:11;19909;181;;
2024-09-09 13:30:11;20322;327;;
2024-09-09 13:30:11;20169;318;;
2024-09-09 13:30:11;20476;238;;
2024-09-09 13:30:11;20354;196;;
2024-09-09 13:30:11;19271;181;;
2024-09-09 13:30:11;18278;334;;
2024-09-09 13:30:11;17938;315;;
2024-09-09 13:30:11;18432;240;;
2024-09-09 13:30:12;19183;209;;
2024-09-09 13:30:12;19122;180;;
2024-09-09 13:30:12;19786;335;;
2024-09-09 13:30:12;20173;326;;
2024-09-09 13:30:12;20413;345;;
2024-09-09 13:30:12;20496;286;;
2024-09-09 13:30:12;20398;152;;
2024-09-09 13:30:12;20109;268;;
2024-09-09 13:30:12;18610;262;;
2024-09-09 13:30:12;17967;343;;
2024-09-09 13:30:12;18046;269;;
2024-09-09 13:30:12;18835;159;;
2024-09-09 13:30:12;19322;276;;
2024-09-09 13:30:12;19511;296;;
2024-09-09 13:30:12;19995;341;;
2024-09-09 13:30:12;20233;271;;
2024-09-09 13:30:12;20296;167;;
2024-09-09 13:30:12;20662;270;;
2024-09-09 13:30:12;20443;287;;
2024-09-09 13:30:12;19580;337;;
2024-09-09 13:30:12;18126;279;;
2024-09-09 13:30:12;17780;166;;
2024-09-09 13:30:12;;;129;-999
2024-09-09 13:30:12;18499;278;;
2024-09-09 13:30:12;19307;281;;
2024-09-09 13:30:12;19137;340;;
2024-09-09 13:30:13;19534;281;;
2024-09-09 13:30:13;19902;160;;
2024-09-09 13:30:13;20442;228;;
2024-09-09 13:30:13;20590;283;;
2024-09-09 13:30:13;20562;336;;
2024-09-09 13:30:13;20007;267;;
2024-09-09 13:30:13;18619;151;;
2024-09-09 13:30:13;18060;284;;
2024-09-09 13:30:13;18071;284;;
2024-09-09 13:30:13;18917;336;;
2024-09-09 13:30:13;19112;278;;
2024-09-09 13:30:13;19201;145;;
2024-09-09 13:30:13;19917;273;;
2024-09-09 13:30:13;20258;286;;
2024-09-09 13:30:13;20302;321;;
2024-09-09 13:30:13;20498;262;;
2024-09-09 13:30:13;20288;160;;
2024-09-09 13:30:13;19609;275;;
2024-09-09 13:30:13;18348;285;;
2024-09-09 13:30:13;17987;335;;
2024-09-09 13:30:13;18331;272;;
2024-09-09 13:30:13;19075;154;;
2024-09-09 13:30:13;19137;277;;
2024-09-09 13:30:13;19657;278;;
2024-09-09 13:30:13;20101;331;;
2024-09-09 13:30:14;20327;270;;
2024-09-09 13:30:14;20382;162;;
2024-09-09 13:30:14;20635;272;;
2024-09-09 13:30:14;20210;286;;
2024-09-09 13:30:14;18865;338;;
2024-09-09 13:30:14;17905;273;;
2024-09-09 13:30:14;17804;158;;
2024-09-09 13:30:14;18764;275;;
2024-09-09 13:30:14;19215;283;;
2024-09-09 13:30:14;19278;342;;
2024-09-09 13:30:14;19836;274;;
2024-09-09 13:30:14;20078;164;;
2024-09-09 13:30:14;20563;337;;
2024-09-09 13:30:14;20580;288;;
2024-09-09 13:30:14;20491;237;;
2024-09-09 13:30:14;19486;211;;
2024-09-09 13:30:14;18158;174;;
2024-09-09 13:30:14;18007;319;;
2024-09-09 13:30:14;18385;321;;
2024-09-09 13:30:14;19249;243;;
2024-09-09 13:30:14;19032;272;;
2024-09-09 13:30:14;19432;159;;
2024-09-09 13:30:14;20101;326;;
2024-09-09 13:30:14;20373;319;;
2024-09-09 13:30:15;20276;311;;
2024-09-09 13:30:15;18442;177;;
2024-09-09 13:30:15;18056;330;;
2024-09-09 13:30:15;18198;319;;
2024-09-09 13:30:15;18990;243;;
2024-09-09 13:30:15;19083;193;;
2024-09-09 13:30:15;19280;178;;
2024-09-09 13:30:15;19951;327;;
2024-09-09 13:30:15;20362;321;;
2024-09-09 13:30:15;20524;256;;
2024-09-09 13:30:15;20556;194;;
2024-09-09 13:30:15;20206;169;;
2024-09-09 13:30:15;19351;324;;
2024-09-09 13:30:15;18234;320;;
2024-09-09 13:30:15;18060;250;;
2024-09-09 13:30:15;18463;188;;
2024-09-09 13:30:15;19060;165;;
2024-09-09 13:30:15;19174;325;;
2024-09-09 13:30:15;19681;320;;
2024-09-09 13:30:15;20177;264;;
2024-09-09 13:30:15;20340;187;;
2024-09-09 13:30:15;20342;160;;
2024-09-09 13:30:15;20564;318;;
2024-09-09 13:30:15;20133;276;;
2024-09-09 13:30:16;18628;251;;
2024-09-09 13:30:16;17935;189;;
2024-09-09 13:30:16;17846;165;;
2024-09-09 13:30:16;19003;315;;
2024-09-09 13:30:16;19199;314;;
2024-09-09 13:30:16;19379;253;;
2024-09-09 13:30:16;19934;288;;
2024-09-09 13:30:16;20253;177;;
2024-09-09 13:30:16;20406;238;;
2024-09-09 13:30:16;20507;269;;
2024-09-09 13:30:16;20435;334;;
2024-09-09 13:30:16;19547;285;;
2024-09-09 13:30:16;18148;171;;
2024-09-09 13:30:16;17554;248;;
2024-09-09 13:30:16;18331;263;;
2024-09-09 13:30:16;19284;343;;
2024-09-09 13:30:16;19183;287;;
2024-09-09 13:30:16;19538;170;;
2024-09-09 13:30:16;19994;235;;
2024-09-09 13:30:16;20294;258;;
2024-09-09 13:30:16;20574;355;;
2024-09-09 13:30:16;20572;288;;
2024-09-09 13:30:16;20024;169;;
2024-09-09 13:30:16;18723;246;;
2024-09-09 13:30:17;17881;263;;
2024-09-09 13:30:17;;;127;-999
2024-09-09 13:30:17;18019;346;;
2024-09-09 13:30:17;18924;285;;
2024-09-09 13:30:17;19095;173;;
2024-09-09 13:30:17;19243;237;;
2024-09-09 13:30:17;19700;262;;
2024-09-09 13:30:17;20310;325;;
2024-09-09 13:30:17;20492;283;;
2024-09-09 13:30:17;20528;174;;
2024-09-09 13:30:17;20348;236;;
2024-09-09 13:30:17;19430;265;;
2024-09-09 13:30:17;18305;335;;
2024-09-09 13:30:17;17643;286;;
2024-09-09 13:30:17;18277;176;;
2024-09-09 13:30:17;19217;260;;
2024-09-09 13:30:17;19040;267;;
2024-09-09 13:30:17;19593;340;;
2024-09-09 13:30:17;20140;285;;
2024-09-09 13:30:17;20357;172;;
2024-09-09 13:30:17;20463;231;;
2024-09-09 13:30:17;20430;257;;
2024-09-09 13:30:17;20183;332;;
2024-09-09 13:30:17;18855;290;;
2024-09-09 13:30:17;17940;176;;
2024-09-09 13:30:17;17928;237;;
2024-09-09 13:30:18;18610;251;;
2024-09-09 13:30:18;19288;347;;
2024-09-09 13:30:18;19360;288;;
2024-09-09 13:30:18;19846;186;;
2024-09-09 13:30:18;20171;240;;
2024-09-09 13:30:18;20192;221;;
2024-09-09 13:30:18;20642;337;;
2024-09-09 13:30:18;20485;284;;
2024-09-09 13:30:18;19563;182;;
2024-09-09 13:30:18;18204;229;;
2024-09-09 13:30:18;17810;253;;
2024-09-09 13:30:18;18388;331;;
2024-09-09 13:30:18;19194;283;;
2024-09-09 13:30:18;19073;187;;
2024-09-09 13:30:18;19484;226;;
2024-09-09 13:30:18;20003;256;;
2024-09-09 13:30:18;20383;338;;
2024-09-09 13:30:18;20562;292;;
2024-09-09 13:30:18;20501;177;;
2024-09-09 13:30:18;20120;230;;
2024-09-09 13:30:18;18669;257;;
2024-09-09 13:30:18;18080;337;;
2024-09-09 13:30:18;18001;298;;
2024-09-09 13:30:18;18706;193;;
2024-09-09 13:30:18;19208;231;;
2024-09-09 13:30:19;19143;254;;
2024-09-09 13:30:19;19812;331;;
2024-09-09 13:30:19;20265;293;;
2024-09-09 13:30:19;20346;195;;
2024-09-09 13:30:19;20493;230;;
2024-09-09 13:30:19;20327;250;;
2024-09-09 13:30:19;19960;335;;
2024-09-09 13:30:19;18359;289;;
2024-09-09 13:30:19;17899;192;;
2024-09-09 13:30:19;18241;228;;
2024-09-09 13:30:19;19022;241;;
2024-09-09 13:30:19;19158;339;;
2024-09-09 13:30:19;19609;304;;
2024-09-09 13:30:19;19978;188;;
2024-09-09 13:30:19;20268;235;;
2024-09-09 13:30:19;20366;252;;
2024-09-09 13:30:19;20623;338;;
2024-09-09 13:30:19;20263;287;;
2024-09-09 13:30:19;19030;192;;
2024-09-09 13:30:19;18006;225;;
2024-09-09 13:30:19;17830;236;;
2024-09-09 13:30:19;18694;340;;
2024-09-09 13:30:19;19239;298;;
2024-09-09 13:30:19;19110;187;;
2024-09-09 13:30:20;20171;334;;
2024-09-09 13:30:20;20579;297;;
2024-09-09 13:30:20;20408;201;;
2024-09-09 13:30:20;19823;220;;
2024-09-09 13:30:20;18256;230;;
2024-09-09 13:30:20;17945;346;;
2024-09-09 13:30:20;18130;297;;
2024-09-09 13:30:20;19045;192;;
2024-09-09 13:30:20;19137;239;;
2024-09-09 13:30:20;19371;122;;
2024-09-09 13:30:20;19968;288;;
2024-09-09 13:30:20;20317;313;;
2024-09-09 13:30:20;20579;322;;
2024-09-09 13:30:20;20568;252;;
2024-09-09 13:30:20;20141;127;;
2024-09-09 13:30:20;19113;293;;
2024-09-09 13:30:20;18080;308;;
2024-09-09 13:30:20;17956;316;;
2024-09-09 13:30:20;18720;249;;
2024-09-09 13:30:20;19125;129;;
2024-09-09 13:30:20;19139;282;;
2024-09-09 13:30:20;19681;309;;
2024-09-09 13:30:20;20225;327;;
2024-09-09 13:30:20;20232;228;;
2024-09-09 13:30:21;20478;120;;
2024-09-09 13:30:21;20393;280;;
2024-09-09 13:30:21;19894;312;;
2024-09-09 13:30:21;18529;316;;
2024-09-09 13:30:21;;;129;-999
2024-09-09 13:30:21;17956;259;;
2024-09-09 13:30:21;18051;130;;
2024-09-09 13:30:21;19052;293;;
2024-09-09 13:30:21;19134;306;;
2024-09-09 13:30:21;19508;325;;
2024-09-09 13:30:21;19971;254;;
2024-09-09 13:30:21;20167;125;;
2024-09-09 13:30:21;20509;283;;
2024-09-09 13:30:21;20525;306;;
2024-09-09 13:30:21;20316;317;;
2024-09-09 13:30:21;19106;253;;
2024-09-09 13:30:21;18024;141;;
2024-09-09 13:30:21;17823;284;;
2024-09-09 13:30:21;18527;328;;
2024-09-09 13:30:21;19335;324;;
2024-09-09 13:30:21;19196;264;;
2024-09-09 13:30:21;19666;132;;
2024-09-09 13:30:21;20159;279;;
2024-09-09 13:30:21;20394;302;;
2024-09-09 13:30:21;20627;332;;
2024-09-09 13:30:21;20509;263;;
2024-09-09 13:30:22;19914;128;;
2024-09-09 13:30:22;18458;274;;
2024-09-09 13:30:22;17919;298;;
2024-09-09 13:30:22;18118;330;;
2024-09-09 13:30:22;18981;267;;
2024-09-09 13:30:22;19059;135;;
2024-09-09 13:30:22;19435;278;;
2024-09-09 13:30:22;19955;304;;
2024-09-09 13:30:22;20330;322;;
2024-09-09 13:30:22;20522;273;;
2024-09-09 13:30:22;20440;146;;
2024-09-09 13:30:22;20328;276;;
2024-09-09 13:30:22;19165;300;;
2024-09-09 13:30:22;18212;329;;
2024-09-09 13:30:22;17957;270;;
2024-09-09 13:30:22;18434;152;;
2024-09-09 13:30:22;19223;273;;
2024-09-09 13:30:22;19089;299;;
2024-09-09 13:30:22;19719;322;;
2024-09-09 13:30:22;20117;270;;
2024-09-09 13:30:22;20256;148;;
2024-09-09 13:30:22;20504;266;;
2024-09-09 13:30:22;20428;290;;
2024-09-09 13:30:22;20154;329;;
2024-09-09 13:30:22;18521;324;;
2024-09-09 13:30:23;17978;143;;
2024-09-09 13:30:23;18044;275;;
2024-09-09 13:30:23;18891;283;;
2024-09-09 13:30:23;19291;328;;
2024-09-09 13:30:23;19478;323;;
2024-09-09 13:30:23;19948;337;;
2024-09-09 13:30:23;20304;322;;
2024-09-09 13:30:23;20544;334;;
2024-09-09 13:30:23;20587;315;;
2024-09-09 13:30:23;20265;328;;
2024-09-09 13:30:23;19107;288;;
2024-09-09 13:30:23;17994;281;;
2024-09-09 13:30:23;17992;292;;
2024-09-09 13:30:23;18707;313;;
2024-09-09 13:30:23;19228;312;;
2024-09-09 13:30:23;19346;326;;
2024-09-09 13:30:23;19858;313;;
2024-09-09 13:30:23;20307;337;;
2024-09-09 13:30:23;20521;316;;
2024-09-09 13:30:23;20643;335;;
2024-09-09 13:30:23;20247;276;;
2024-09-09 13:30:23;19184;286;;
2024-09-09 13:30:23;18088;235;;
2024-09-09 13:30:23;18006;278;;
2024-09-09 13:30:24;18704;169;;
2024-09-09 13:30:24;19194;261;;
2024-09-09 13:30:24;19253;151;;
2024-09-09 13:30:24;19813;220;;
2024-09-09 13:30:24;20102;118;;
2024-09-09 13:30:24;20515;219;;
2024-09-09 13:30:24;20406;161;;
2024-09-09 13:30:24;20181;206;;
2024-09-09 13:30:24;18915;196;;
2024-09-09 13:30:24;18087;231;;
2024-09-09 13:30:24;17782;131;;
2024-09-09 13:30:24;18718;210;;
2024-09-09 13:30:24;19182;164;;
2024-09-09 13:30:24;19260;250;;
2024-09-09 13:30:24;19910;276;;
2024-09-09 13:30:24;20265;276;;
2024-09-09 13:30:24;20467;225;;
2024-09-09 13:30:24;20580;295;;
2024-09-09 13:30:24;20348;168;;
2024-09-09 13:30:24;19204;246;;
2024-09-09 13:30:24;18240;283;;
2024-09-09 13:30:24;18010;283;;
2024-09-09 13:30:24;18576;226;;
2024-09-09 13:30:25;19727;321;;
2024-09-09 13:30:25;20203;327;;
2024-09-09 13:30:25;20436;320;;
2024-09-09 13:30:25;20605;336;;
2024-09-09 13:30:25;;;130;-999
2024-09-09 13:30:25;20530;313;;
2024-09-09 13:30:25;20026;312;;
2024-09-09 13:30:25;18304;267;;
2024-09-09 13:30:25;18013;273;;
2024-09-09 13:30:25;18256;186;;
2024-09-09 13:30:25;19211;283;;
2024-09-09 13:30:25;19050;168;;
2024-09-09 13:30:25;19733;247;;
2024-09-09 13:30:25;20079;145;;
2024-09-09 13:30:25;20334;226;;
2024-09-09 13:30:25;20437;140;;
2024-09-09 13:30:25;20378;205;;
2024-09-09 13:30:25;19788;161;;
2024-09-09 13:30:25;18290;220;;
2024-09-09 13:30:25;17782;210;;
2024-09-09 13:30:25;18269;267;;
2024-09-09 13:30:25;19139;267;;
2024-09-09 13:30:25;19104;286;;
2024-09-09 13:30:25;19612;317;;
2024-09-09 13:30:25;20032;232;;
2024-09-09 13:30:26;20265;220;;
2024-09-09 13:30:26;20478;271;;
2024-09-09 13:30:26;20360;261;;
2024-09-09 13:30:26;19933;291;;
2024-09-09 13:30:26;18285;181;;
2024-09-09 13:30:26;17825;235;;
2024-09-09 13:30:26;18185;135;;
2024-09-09 13:30:26;19135;236;;
2024-09-09 13:30:26;18987;149;;
2024-09-09 13:30:26;19574;212;;
2024-09-09 13:30:26;19978;182;;
2024-09-09 13:30:26;20263;181;;
2024-09-09 13:30:26;20410;212;;
2024-09-09 13:30:26;20502;264;;
2024-09-09 13:30:26;19852;141;;
2024-09-09 13:30:26;18397;185;;
2024-09-09 13:30:26;17718;191;;
2024-09-09 13:30:26;18090;228;;
2024-09-09 13:30:26;18978;146;;
2024-09-09 13:30:26;19222;282;;
2024-09-09 13:30:26;19597;192;;
2024-09-09 13:30:26;20114;338;;
2024-09-09 13:30:26;20346;292;;
2024-09-09 13:30:26;20532;340;;
2024-09-09 13:30:27;20508;280;;
2024-09-09 13:30:27;20108;150;;
2024-09-09 13:30:27;18795;279;;
2024-09-09 13:30:27;18070;303;;
2024-09-09 13:30:27;18013;340;;
2024-09-09 13:30:27;18709;287;;
2024-09-09 13:30:27;19164;157;;
2024-09-09 13:30:27;19282;212;;
2024-09-09 13:30:27;19688;198;;
2024-09-09 13:30:27;20263;236;;
2024-09-09 13:30:27;20484;247;;
2024-09-09 13:30:27;20561;291;;
2024-09-09 13:30:27;20402;319;;
2024-09-09 13:30:27;19572;327;;
2024-09-09 13:30:27;18277;322;;
2024-09-09 13:30:27;17827;238;;
2024-09-09 13:30:27;18335;222;;
2024-09-09 13:30:27;19228;180;;
2024-09-09 13:30:27;19164;329;;
2024-09-09 13:30:27;19617;319;;
2024-09-09 13:30:27;19991;243;;
2024-09-09 13:30:27;20365;226;;
2024-09-09 13:30:27;20559;179;;
2024-09-09 13:30:27;20580;262;;
2024-09-09 13:30:27;20149;293;;
2024-09-09 13:30:28;18746;338;;
2024-09-09 13:30:28;17925;293;;
2024-09-09 13:30:28;17798;164;;
2024-09-09 13:30:28;18665;117;;
2024-09-09 13:30:28;19239;285;;
2024-09-09 13:30:28;19374;346;;
2024-09-09 13:30:28;19830;285;;
2024-09-09 13:30:28;20161;298;;
2024-09-09 13:30:28;20456;308;;
2024-09-09 13:30:28;20420;208;;
2024-09-09 13:30:28;20335;230;;
2024-09-09 13:30:28;19224;225;;
2024-09-09 13:30:28;18222;347;;
2024-09-09 13:30:28;17923;307;;
2024-09-09 13:30:28;18538;327;;
2024-09-09 13:30:28;18983;257;;
2024-09-09 13:30:28;19066;155;;
2024-09-09 13:30:28;19757;288;;
2024-09-09 13:30:28;20200;308;;
2024-09-09 13:30:28;20384;335;;
2024-09-09 13:30:28;20506;274;;
2024-09-09 13:30:28;20367;266;;
2024-09-09 13:30:28;19959;214;;
2024-09-09 13:30:28;18485;172;;
2024-09-09 13:30:29;18064;323;;
2024-09-09 13:30:29;18170;334;;
2024-09-09 13:30:29;18893;269;;
2024-09-09 13:30:29;19147;206;;
2024-09-09 13:30:29;19438;154;;
2024-09-09 13:30:29;20075;318;;
2024-09-09 13:30:29;20372;276;;
2024-09-09 13:30:29;20507;348;;
2024-09-09 13:30:29;20526;290;;
2024-09-09 13:30:29;20194;185;;
2024-09-09 13:30:29;19177;235;;
2024-09-09 13:30:29;18177;265;;
2024-09-09 13:30:29;;;129;-999
2024-09-09 13:30:29;17997;343;;
2024-09-09 13:30:29;18528;294;;
2024-09-09 13:30:29;19045;183;;
2024-09-09 13:30:29;19157;243;;
2024-09-09 13:30:29;19696;275;;
2024-09-09 13:30:29;20181;352;;
2024-09-09 13:30:29;20277;305;;
2024-09-09 13:30:29;20243;329;;
2024-09-09 13:30:29;20397;239;;
2024-09-09 13:30:29;19852;134;;
2024-09-09 13:30:29;18613;289;;
2024-09-09 13:30:29;18645;300;;
2024-09-09 13:30:30;19233;185;;
2024-09-09 13:30:30;19249;332;;
2024-09-09 13:30:30;19722;327;;
2024-09-09 13:30:30;20039;233;;
2024-09-09 13:30:30;20429;227;;
2024-09-09 13:30:30;20545;185;;
2024-09-09 13:30:30;20428;272;;
2024-09-09 13:30:30;19959;296;;
2024-09-09 13:30:30;18531;339;;
2024-09-09 13:30:30;17883;278;;
2024-09-09 13:30:30;18056;151;;
2024-09-09 13:30:30;19126;216;;
2024-09-09 13:30:30;19010;164;;
2024-09-09 13:30:30;19541;295;;
2024-09-09 13:30:30;20017;329;;
2024-09-09 13:30:30;20257;289;;
2024-09-09 13:30:30;20519;221;;
2024-09-09 13:30:30;20502;163;;
2024-09-09 13:30:30;20298;289;;
2024-09-09 13:30:30;19080;326;;
2024-09-09 13:30:30;18004;292;;
2024-09-09 13:30:30;17879;220;;
2024-09-09 13:30:30;18493;153;;
2024-09-09 13:30:30;19230;284;;
2024-09-09 13:30:30;19211;320;;
2024-09-09 13:30:31;19618;303;;
2024-09-09 13:30:31;20109;223;;
2024-09-09 13:30:31;20369;162;;
2024-09-09 13:30:31;20598;287;;
2024-09-09 13:30:31;20538;332;;
2024-09-09 13:30:31;19951;298;;
2024-09-09 13:30:31;18514;218;;
2024-09-09 13:30:31;17822;146;;
2024-09-09 13:30:31;18161;284;;
2024-09-09 13:30:31;19098;332;;
2024-09-09 13:30:31;19108;300;;
2024-09-09 13:30:31;19365;224;;
2024-09-09 13:30:31;19840;151;;
2024-09-09 13:30:31;20352;282;;
2024-09-09 13:30:31;20589;324;;
2024-09-09 13:30:31;49631;4850;;
2024-09-09 13:30:31;20276;226;;
2024-09-09 13:30:31;19133;143;;
2024-09-09 13:30:31;18229;282;;
2024-09-09 13:30:31;17982;330;;
2024-09-09 13:30:31;18466;296;;
2024-09-09 13:30:31;19246;233;;
2024-09-09 13:30:31;19067;141;;
2024-09-09 13:30:31;19772;281;;
2024-09-09 13:30:31;20190;318;;
2024-09-09 13:30:32;20331;303;;
2024-09-09 13:30:32;20546;230;;
2024-09-09 13:30:32;20376;134;;
2024-09-09 13:30:32;20022;289;;
2024-09-09 13:30:32;18615;334;;
2024-09-09 13:30:32;17941;317;;
2024-09-09 13:30:32;18063;241;;
2024-09-09 13:30:32;18839;136;;
2024-09-09 13:30:32;19190;289;;
2024-09-09 13:30:32;19505;324;;
2024-09-09 13:30:32;19937;311;;
2024-09-09 13:30:32;20235;245;;
2024-09-09 13:30:32;20311;130;;
2024-09-09 13:30:32;20551;284;;
2024-09-09 13:30:32;20409;324;;
2024-09-09 13:30:32;19226;326;;
2024-09-09 13:30:32;18173;321;;
2024-09-09 13:30:32;17763;241;;
2024-09-09 13:30:32;18546;231;;
2024-09-09 13:30:32;19233;172;;
2024-09-09 13:30:32;19203;329;;
2024-09-09 13:30:32;19718;329;;
2024-09-09 13:30:32;20069;244;;
2024-09-09 13:30:32;20306;226;;
2024-09-09 13:30:32;20475;179;;
2024-09-09 13:30:33;20587;333;;
2024-09-09 13:30:33;20101;322;;
2024-09-09 13:30:33;18481;247;;
2024-09-09 13:30:33;17949;214;;
2024-09-09 13:30:33;18047;171;;
2024-09-09 13:30:33;19077;333;;
2024-09-09 13:30:33;19186;321;;
2024-09-09 13:30:33;19416;246;;
2024-09-09 13:30:33;19867;216;;
2024-09-09 13:30:33;;;130;-999
2024-09-09 13:30:33;20286;176;;
2024-09-09 13:30:33;20553;320;;
2024-09-09 13:30:33;20609;340;;
2024-09-09 13:30:33;20197;264;;
2024-09-09 13:30:33;19254;206;;
2024-09-09 13:30:33;18158;175;;
2024-09-09 13:30:33;17940;318;;
2024-09-09 13:30:33;18536;325;;
2024-09-09 13:30:33;19157;265;;
2024-09-09 13:30:33;19048;200;;
2024-09-09 13:30:33;19616;168;;
2024-09-09 13:30:33;20182;310;;
2024-09-09 13:30:33;20405;324;;
2024-09-09 13:30:33;20421;269;;
2024-09-09 13:30:33;20475;203;;
2024-09-09 13:30:33;20033;168;;
2024-09-09 13:30:34;18639;297;;
2024-09-09 13:30:34;17941;324;;
2024-09-09 13:30:34;17918;284;;
2024-09-09 13:30:34;18909;218;;
2024-09-09 13:30:34;19193;167;;
2024-09-09 13:30:34;19396;310;;
2024-09-09 13:30:34;19857;334;;
2024-09-09 13:30:34;20178;282;;
2024-09-09 13:30:34;20404;216;;
2024-09-09 13:30:34;20593;172;;
2024-09-09 13:30:34;20487;303;;
2024-09-09 13:30:34;19593;326;;
2024-09-09 13:30:34;18150;286;;
2024-09-09 13:30:34;17895;212;;
2024-09-09 13:30:34;18296;163;;
2024-09-09 13:30:34;19259;302;;
2024-09-09 13:30:34;19154;325;;
2024-09-09 13:30:34;19548;288;;
2024-09-09 13:30:34;20027;218;;
2024-09-09 13:30:34;20292;161;;
2024-09-09 13:30:34;20642;306;;
2024-09-09 13:30:34;20597;333;;
2024-09-09 13:30:34;18389;325;;
2024-09-09 13:30:35;17960;344;;
2024-09-09 13:30:35;18575;316;;
2024-09-09 13:30:35;19219;333;;
2024-09-09 13:30:35;19070;253;;
2024-09-09 13:30:35;19492;126;;
2024-09-09 13:30:35;20101;297;;
2024-09-09 13:30:35;20476;316;;
2024-09-09 13:30:35;20515;323;;
2024-09-09 13:30:35;20442;259;;
2024-09-09 13:30:35;19953;127;;
2024-09-09 13:30:35;18701;294;;
2024-09-09 13:30:35;18065;318;;
2024-09-09 13:30:35;17963;327;;
2024-09-09 13:30:35;18862;259;;
2024-09-09 13:30:35;19086;136;;
2024-09-09 13:30:35;19334;293;;
2024-09-09 13:30:35;19915;317;;
2024-09-09 13:30:35;20312;329;;
2024-09-09 13:30:35;20439;259;;
2024-09-09 13:30:35;20388;140;;
2024-09-09 13:30:35;20389;286;;
2024-09-09 13:30:35;19586;304;;
2024-09-09 13:30:35;18291;308;;
2024-09-09 13:30:35;17971;324;;
2024-09-09 13:30:35;18376;258;;
2024-09-09 13:30:36;19196;212;;
2024-09-09 13:30:36;19125;169;;
2024-09-09 13:30:36;19599;303;;
2024-09-09 13:30:36;20088;327;;
2024-09-09 13:30:36;20301;274;;
2024-09-09 13:30:36;20472;211;;
2024-09-09 13:30:36;20504;165;;
2024-09-09 13:30:36;20139;301;;
2024-09-09 13:30:36;18725;334;;
2024-09-09 13:30:36;17931;278;;
2024-09-09 13:30:36;17954;153;;
2024-09-09 13:30:36;18862;154;;
2024-09-09 13:30:36;19180;285;;
2024-09-09 13:30:36;19370;330;;
2024-09-09 13:30:36;19761;279;;
2024-09-09 13:30:36;20155;204;;
2024-09-09 13:30:36;20337;161;;
2024-09-09 13:30:36;20625;289;;
2024-09-09 13:30:36;20412;245;;
2024-09-09 13:30:36;19635;340;;
2024-09-09 13:30:36;18215;288;;
2024-09-09 13:30:36;17915;300;;
2024-09-09 13:30:36;18397;244;;
2024-09-09 13:30:36;19125;142;;
2024-09-09 13:30:36;19162;248;;
2024-09-09 13:30:37;19629;323;;
2024-09-09 13:30:37;20063;324;;
2024-09-09 13:30:37;20323;249;;
2024-09-09 13:30:37;20401;129;;
2024-09-09 13:30:37;20529;288;;
2024-09-09 13:30:37;20148;308;;
2024-09-09 13:30:37;18695;331;;
2024-09-09 13:30:37;17900;263;;
2024-09-09 13:30:37;17720;110;;
2024-09-09 13:30:37;18965;290;;
2024-09-09 13:30:37;19257;301;;
2024-09-09 13:30:37;19323;317;;
2024-09-09 13:30:37;;;130;97
2024-09-09 13:30:37;19766;260;;
2024-09-09 13:30:37;20152;138;;
2024-09-09 13:30:37;20507;282;;
2024-09-09 13:30:37;20579;305;;
2024-09-09 13:30:37;20427;333;;
2024-09-09 13:30:37;19529;275;;
2024-09-09 13:30:37;18087;140;;
2024-09-09 13:30:37;17953;289;;
2024-09-09 13:30:37;18423;293;;
2024-09-09 13:30:37;19205;326;;
2024-09-09 13:30:37;19071;273;;
2024-09-09 13:30:37;19482;142;;
2024-09-09 13:30:37;20011;272;;
2024-09-09 13:30:38;20437;308;;
2024-09-09 13:30:38;20553;327;;
2024-09-09 13:30:38;20490;268;;
2024-09-09 13:30:38;20021;148;;
2024-09-09 13:30:38;18818;274;;
2024-09-09 13:30:38;18073;303;;
2024-09-09 13:30:38;17663;335;;
2024-09-09 13:30:38;18690;276;;
2024-09-09 13:30:38;19022;147;;
2024-09-09 13:30:38;19319;282;;
2024-09-09 13:30:38;19916;289;;
2024-09-09 13:30:38;20268;337;;
2024-09-09 13:30:38;20410;282;;
2024-09-09 13:30:38;20444;148;;
2024-09-09 13:30:38;20511;263;;
2024-09-09 13:30:38;19681;288;;
2024-09-09 13:30:38;18356;322;;
2024-09-09 13:30:38;17916;274;;
2024-09-09 13:30:38;18248;162;;
2024-09-09 13:30:38;19116;264;;
2024-09-09 13:30:38;19197;284;;
2024-09-09 13:30:38;19603;334;;
2024-09-09 13:30:38;20035;280;;
2024-09-09 13:30:38;20262;153;;
2024-09-09 13:30:38;20580;254;;
2024-09-09 13:30:39;20582;271;;
2024-09-09 13:30:39;20233;342;;
2024-09-09 13:30:39;18704;280;;
2024-09-09 13:30:39;17913;150;;
2024-09-09 13:30:39;17997;153;;
2024-09-09 13:30:39;18724;276;;
2024-09-09 13:30:39;19214;341;;
2024-09-09 13:30:39;19196;291;;
2024-09-09 13:30:39;19727;162;;
2024-09-09 13:30:39;20272;247;;
2024-09-09 13:30:39;20474;278;;
2024-09-09 13:30:39;20615;326;;
2024-09-09 13:30:39;20366;280;;
2024-09-09 13:30:39;19677;167;;
2024-09-09 13:30:39;18311;249;;
2024-09-09 13:30:39;17977;277;;
2024-09-09 13:30:39;18314;334;;
2024-09-09 13:30:39;19115;279;;
2024-09-09 13:30:39;18955;169;;
2024-09-09 13:30:39;19634;244;;
2024-09-09 13:30:39;20089;266;;
2024-09-09 13:30:39;20417;333;;
2024-09-09 13:30:39;20484;332;;
2024-09-09 13:30:40;19506;387;;
2024-09-09 13:30:40;18254;305;;
2024-09-09 13:30:40;17855;239;;
2024-09-09 13:30:40;18218;128;;
2024-09-09 13:30:40;19262;280;;
2024-09-09 13:30:40;19159;322;;
2024-09-09 13:30:40;19501;309;;
2024-09-09 13:30:40;20016;229;;
2024-09-09 13:30:40;20232;143;;
2024-09-09 13:30:40;20607;287;;
2024-09-09 13:30:40;20636;326;;
2024-09-09 13:30:40;20194;322;;
2024-09-09 13:30:40;18864;241;;
2024-09-09 13:30:40;17966;130;;
2024-09-09 13:30:40;17994;295;;
2024-09-09 13:30:40;18732;179;;
2024-09-09 13:30:40;19262;329;;
2024-09-09 13:30:40;19290;325;;
2024-09-09 13:30:40;19721;231;;
2024-09-09 13:30:40;20252;218;;
2024-09-09 13:30:40;20311;184;;
2024-09-09 13:30:40;20594;329;;
2024-09-09 13:30:40;20484;319;;
2024-09-09 13:30:40;19681;236;;
2024-09-09 13:30:40;18294;223;;
2024-09-09 13:30:41;17767;173;;
2024-09-09 13:30:41;18283;332;;
2024-09-09 13:30:41;19193;321;;
2024-09-09 13:30:41;19144;346;;
2024-09-09 13:30:41;19517;220;;
2024-09-09 13:30:41;19890;178;;
2024-09-09 13:30:41;20333;324;;
2024-09-09 13:30:41;20576;324;;
2024-09-09 13:30:41;20521;257;;
2024-09-09 13:30:41;20265;296;;
2024-09-09 13:30:41;18773;170;;
2024-09-09 13:30:41;18021;248;;
2024-09-09 13:30:41;17879;285;;
2024-09-09 13:30:41;18781;334;;
2024-09-09 13:30:41;;;130;-999
2024-09-09 13:30:41;19242;279;;
2024-09-09 13:30:41;19188;165;;
2024-09-09 13:30:41;19759;245;;
2024-09-09 13:30:41;20139;279;;
2024-09-09 13:30:41;20481;331;;
2024-09-09 13:30:41;20584;291;;
2024-09-09 13:30:41;20393;170;;
2024-09-09 13:30:41;19651;196;;
2024-09-09 13:30:41;18201;271;;
2024-09-09 13:30:41;17946;282;;
2024-09-09 13:30:41;18297;317;;
2024-09-09 13:30:42;19159;308;;
2024-09-09 13:30:42;18934;180;;
2024-09-09 13:30:42;19440;146;;
2024-09-09 13:30:42;20062;283;;
2024-09-09 13:30:42;20392;326;;
2024-09-09 13:30:42;20563;292;;
2024-09-09 13:30:42;20546;239;;
2024-09-09 13:30:42;20105;148;;
2024-09-09 13:30:42;18790;296;;
2024-09-09 13:30:42;18045;319;;
2024-09-09 13:30:42;18008;337;;
2024-09-09 13:30:42;18783;228;;
2024-09-09 13:30:42;19121;137;;
2024-09-09 13:30:42;19257;295;;
2024-09-09 13:30:42;19808;325;;
2024-09-09 13:30:42;20285;310;;
2024-09-09 13:30:42;20434;245;;
2024-09-09 13:30:42;20401;136;;
2024-09-09 13:30:42;20445;291;;
2024-09-09 13:30:42;19917;324;;
2024-09-09 13:30:42;18372;314;;
2024-09-09 13:30:42;17915;246;;
2024-09-09 13:30:42;18211;137;;
2024-09-09 13:30:42;19082;291;;
2024-09-09 13:30:42;18826;318;;
2024-09-09 13:30:43;19596;324;;
2024-09-09 13:30:43;20055;248;;
2024-09-09 13:30:43;20211;130;;
2024-09-09 13:30:43;20429;289;;
2024-09-09 13:30:43;20528;322;;
2024-09-09 13:30:43;20297;318;;
2024-09-09 13:30:43;19036;252;;
2024-09-09 13:30:43;17995;130;;
2024-09-09 13:30:43;17921;296;;
2024-09-09 13:30:43;18683;333;;
2024-09-09 13:30:43;19294;321;;
2024-09-09 13:30:43;19201;253;;
2024-09-09 13:30:43;19619;117;;
2024-09-09 13:30:43;20201;294;;
2024-09-09 13:30:43;20400;313;;
2024-09-09 13:30:43;20625;327;;
2024-09-09 13:30:43;20481;253;;
2024-09-09 13:30:43;19896;134;;
2024-09-09 13:30:43;18357;286;;
2024-09-09 13:30:43;17900;312;;
2024-09-09 13:30:43;18219;332;;
2024-09-09 13:30:43;19138;267;;
2024-09-09 13:30:43;19036;137;;
2024-09-09 13:30:43;19480;284;;
2024-09-09 13:30:43;19976;327;;
2024-09-09 13:30:44;20334;336;;
2024-09-09 13:30:44;20496;267;;
2024-09-09 13:30:44;20444;136;;
2024-09-09 13:30:44;20267;292;;
2024-09-09 13:30:44;19143;306;;
2024-09-09 13:30:44;18209;322;;
2024-09-09 13:30:44;17892;261;;
2024-09-09 13:30:44;18495;138;;
2024-09-09 13:30:44;19214;288;;
2024-09-09 13:30:44;19148;308;;
2024-09-09 13:30:44;19838;333;;
2024-09-09 13:30:44;20201;266;;
2024-09-09 13:30:44;20297;146;;
2024-09-09 13:30:44;20510;285;;
2024-09-09 13:30:44;20446;299;;
2024-09-09 13:30:44;20071;329;;
2024-09-09 13:30:44;18560;280;;
2024-09-09 13:30:44;17893;146;;
2024-09-09 13:30:44;18108;269;;
2024-09-09 13:30:44;18900;291;;
2024-09-09 13:30:44;19151;294;;
2024-09-09 13:30:44;19517;321;;
2024-09-09 13:30:44;20294;294;;
2024-09-09 13:30:44;20490;190;;
2024-09-09 13:30:45;20505;231;;
2024-09-09 13:30:45;20169;257;;
2024-09-09 13:30:45;19129;343;;
2024-09-09 13:30:45;18137;292;;
2024-09-09 13:30:45;17915;198;;
2024-09-09 13:30:45;18487;225;;
2024-09-09 13:30:45;19186;242;;
2024-09-09 13:30:45;19188;337;;
2024-09-09 13:30:45;19746;299;;
2024-09-09 13:30:45;20141;189;;
2024-09-09 13:30:45;20391;227;;
2024-09-09 13:30:45;20443;230;;
2024-09-09 13:30:45;20533;339;;
2024-09-09 13:30:45;;;129;-999
2024-09-09 13:30:45;20005;307;;
2024-09-09 13:30:45;18491;200;;
2024-09-09 13:30:45;17885;232;;
2024-09-09 13:30:45;18016;237;;
2024-09-09 13:30:45;19070;339;;
2024-09-09 13:30:45;19099;305;;
2024-09-09 13:30:45;19407;204;;
2024-09-09 13:30:45;19898;233;;
2024-09-09 13:30:45;20159;233;;
2024-09-09 13:30:45;20546;351;;
2024-09-09 13:30:45;20513;308;;
2024-09-09 13:30:45;20269;206;;
2024-09-09 13:30:46;19021;229;;
2024-09-09 13:30:46;18041;211;;
2024-09-09 13:30:46;17935;337;;
2024-09-09 13:30:46;18535;302;;
2024-09-09 13:30:46;19216;209;;
2024-09-09 13:30:46;19136;229;;
2024-09-09 13:30:46;19572;203;;
2024-09-09 13:30:46;20137;339;;
2024-09-09 13:30:46;20464;315;;
2024-09-09 13:30:46;20612;213;;
2024-09-09 13:30:46;20440;234;;
2024-09-09 13:30:46;19781;175;;
2024-09-09 13:30:46;18553;337;;
2024-09-09 13:30:46;18046;306;;
2024-09-09 13:30:46;18145;229;;
2024-09-09 13:30:46;18882;238;;
2024-09-09 13:30:46;19030;195;;
2024-09-09 13:30:46;19428;346;;
2024-09-09 13:30:46;20018;307;;
2024-09-09 13:30:46;20321;209;;
2024-09-09 13:30:46;20430;237;;
2024-09-09 13:30:46;20417;188;;
2024-09-09 13:30:46;20359;333;;
2024-09-09 13:30:46;19265;307;;
2024-09-09 13:30:46;18246;233;;
2024-09-09 13:30:47;17901;226;;
2024-09-09 13:30:47;18387;186;;
2024-09-09 13:30:47;19248;331;;
2024-09-09 13:30:47;19165;316;;
2024-09-09 13:30:47;19692;224;;
2024-09-09 13:30:47;20080;230;;
2024-09-09 13:30:47;20276;179;;
2024-09-09 13:30:47;20520;333;;
2024-09-09 13:30:47;20524;321;;
2024-09-09 13:30:47;19990;187;;
2024-09-09 13:30:47;18514;219;;
2024-09-09 13:30:47;17817;185;;
2024-09-09 13:30:47;17991;330;;
2024-09-09 13:30:47;18925;312;;
2024-09-09 13:30:47;19205;236;;
2024-09-09 13:30:47;19296;229;;
2024-09-09 13:30:47;19735;183;;
2024-09-09 13:30:47;20321;331;;
2024-09-09 13:30:47;20482;324;;
2024-09-09 13:30:47;20665;244;;
2024-09-09 13:30:47;20346;219;;
2024-09-09 13:30:47;19432;180;;
2024-09-09 13:30:47;18210;328;;
2024-09-09 13:30:47;18011;324;;
2024-09-09 13:30:47;18427;251;;
2024-09-09 13:30:48;19190;206;;
2024-09-09 13:30:48;18965;167;;
2024-09-09 13:30:48;19565;322;;
2024-09-09 13:30:48;20124;325;;
2024-09-09 13:30:48;20413;248;;
2024-09-09 13:30:48;20476;212;;
2024-09-09 13:30:48;20378;174;;
2024-09-09 13:30:48;20130;314;;
2024-09-09 13:30:48;18762;325;;
2024-09-09 13:30:48;18051;253;;
2024-09-09 13:30:48;17918;207;;
2024-09-09 13:30:48;18764;167;;
2024-09-09 13:30:48;19194;317;;
2024-09-09 13:30:48;19372;330;;
2024-09-09 13:30:48;19919;263;;
2024-09-09 13:30:48;20259;213;;
2024-09-09 13:30:48;20300;173;;
2024-09-09 13:30:48;20592;310;;
2024-09-09 13:30:48;20458;332;;
2024-09-09 13:30:48;19622;275;;
2024-09-09 13:30:48;18279;212;;
2024-09-09 13:30:48;17859;196;;
2024-09-09 13:30:48;18267;233;;
2024-09-09 13:30:48;19165;265;;
2024-09-09 13:30:48;19132;340;;
2024-09-09 13:30:49;19664;321;;
2024-09-09 13:30:49;20013;190;;
2024-09-09 13:30:49;20337;248;;
2024-09-09 13:30:49;20424;256;;
2024-09-09 13:30:49;20592;340;;
2024-09-09 13:30:49;20045;292;;
2024-09-09 13:30:49;18779;186;;
2024-09-09 13:30:49;17964;238;;
2024-09-09 13:30:49;17872;259;;
2024-09-09 13:30:49;18862;345;;
2024-09-09 13:30:49;19218;302;;
2024-09-09 13:30:49;19280;322;;
2024-09-09 13:30:49;19855;323;;
2024-09-09 13:30:49;20299;332;;
2024-09-09 13:30:49;;;129;-999
2024-09-09 13:30:49;20544;282;;
2024-09-09 13:30:49;20453;150;;
2024-09-09 13:30:49;20321;265;;
2024-09-09 13:30:49;19318;149;;
2024-09-09 13:30:49;18141;228;;
2024-09-09 13:30:49;17811;129;;
2024-09-09 13:30:49;18518;217;;
2024-09-09 13:30:49;19123;162;;
2024-09-09 13:30:49;20128;320;;
2024-09-09 13:30:50;20449;333;;
2024-09-09 13:30:50;20565;323;;
2024-09-09 13:30:50;20561;329;;
2024-09-09 13:30:50;19983;283;;
2024-09-09 13:30:50;18454;331;;
2024-09-09 13:30:50;17948;323;;
2024-09-09 13:30:50;18323;333;;
2024-09-09 13:30:50;19177;309;;
2024-09-09 13:30:50;19127;342;;
2024-09-09 13:30:50;19632;325;;
2024-09-09 13:30:50;20136;337;;
2024-09-09 13:30:50;20413;323;;
2024-09-09 13:30:50;20458;300;;
2024-09-09 13:30:50;20459;310;;
2024-09-09 13:30:50;20077;328;;
2024-09-09 13:30:50;18530;320;;
2024-09-09 13:30:50;17897;240;;
2024-09-09 13:30:50;18123;287;;
2024-09-09 13:30:50;19040;305;;
2024-09-09 13:30:50;19134;311;;
2024-09-09 13:30:50;19216;346;;
2024-09-09 13:30:50;20023;333;;
2024-09-09 13:30:50;20344;340;;
2024-09-09 13:30:50;20478;289;;
2024-09-09 13:30:51;20532;310;;
2024-09-09 13:30:51;20089;316;;
2024-09-09 13:30:51;18595;337;;
2024-09-09 13:30:51;18012;325;;
2024-09-09 13:30:51;18195;339;;
2024-09-09 13:30:51;19157;322;;
2024-09-09 13:30:51;19209;336;;
2024-09-09 13:30:51;19505;298;;
2024-09-09 13:30:51;20129;299;;
2024-09-09 13:30:51;20375;330;;
2024-09-09 13:30:51;20439;276;;
2024-09-09 13:30:51;20565;297;;
2024-09-09 13:30:51;20082;324;;
2024-09-09 13:30:51;18798;322;;
2024-09-09 13:30:51;17897;229;;
2024-09-09 13:30:51;18018;232;;
2024-09-09 13:30:51;18786;150;;
2024-09-09 13:30:51;19163;209;;
2024-09-09 13:30:51;19291;194;;
2024-09-09 13:30:51;19839;243;;
2024-09-09 13:30:51;20159;228;;
2024-09-09 13:30:51;20434;287;;
2024-09-09 13:30:51;20476;291;;
2024-09-09 13:30:51;20291;216;;
2024-09-09 13:30:52;18707;191;;
2024-09-09 13:30:52;17966;247;;
2024-09-09 13:30:52;17932;137;;
2024-09-09 13:30:52;18780;295;;
2024-09-09 13:30:52;19262;326;;
2024-09-09 13:30:52;19317;330;;
2024-09-09 13:30:52;19798;248;;
2024-09-09 13:30:52;20176;244;;
2024-09-09 13:30:52;20415;220;;
2024-09-09 13:30:52;20439;164;;
2024-09-09 13:30:52;20355;215;;
2024-09-09 13:30:52;19404;214;;
2024-09-09 13:30:52;18073;256;;
2024-09-09 13:30:52;17851;248;;
2024-09-09 13:30:52;18527;224;;
2024-09-09 13:30:52;19180;177;;
2024-09-09 13:30:52;19214;328;;
2024-09-09 13:30:52;19719;276;;
2024-09-09 13:30:52;20243;290;;
2024-09-09 13:30:52;20141;233;;
2024-09-09 13:30:52;20640;287;;
2024-09-09 13:30:52;20555;313;;
2024-09-09 13:30:52;19778;325;;
2024-09-09 13:30:52;18388;281;;
2024-09-09 13:30:53;17939;235;;
2024-09-09 13:30:53;18322;136;;
2024-09-09 13:30:53;19269;295;;
2024-09-09 13:30:53;19117;311;;
2024-09-09 13:30:53;19726;323;;
2024-09-09 13:30:53;20166;276;;
2024-09-09 13:30:53;20446;290;;
2024-09-09 13:30:53;20596;324;;
2024-09-09 13:30:53;20458;306;;
2024-09-09 13:30:53;19860;232;;
2024-09-09 13:30:53;18429;125;;
2024-09-09 13:30:53;18025;291;;
2024-09-09 13:30:53;18180;319;;
2024-09-09 13:30:53;18849;299;;
2024-09-09 13:30:53;19089;239;;
2024-09-09 13:30:53;19407;140;;
2024-09-09 13:30:53;20024;279;;
2024-09-09 13:30:53;20402;331;;
2024-09-09 13:30:53;20507;310;;
2024-09-09 13:30:53;20529;233;;
2024-09-09 13:30:53;;;129;26
2024-09-09 13:30:53;20276;137;;
2024-09-09 13:30:53;19207;282;;
2024-09-09 13:30:53;18255;324;;
2024-09-09 13:30:53;17874;309;;
2024-09-09 13:30:53;18464;236;;
2024-09-09 13:30:54;19133;134;;
2024-09-09 13:30:54;19256;276;;
2024-09-09 13:30:54;19710;319;;
2024-09-09 13:30:54;20163;311;;
2024-09-09 13:30:54;20325;241;;
2024-09-09 13:30:54;20415;137;;
2024-09-09 13:30:54;20505;293;;
2024-09-09 13:30:54;20180;324;;
2024-09-09 13:30:54;18615;336;;
2024-09-09 13:30:54;17976;299;;
2024-09-09 13:30:54;18121;334;;
2024-09-09 13:30:54;18910;279;;
2024-09-09 13:30:54;18988;154;;
2024-09-09 13:30:54;19451;267;;
2024-09-09 13:30:54;20001;290;;
2024-09-09 13:30:54;20322;340;;
2024-09-09 13:30:54;20494;284;;
2024-09-09 13:30:54;20466;158;;
2024-09-09 13:30:54;20304;260;;
2024-09-09 13:30:54;19212;290;;
2024-09-09 13:30:54;18138;348;;
2024-09-09 13:30:54;17845;283;;
2024-09-09 13:30:54;19147;212;;
2024-09-09 13:30:54;19072;158;;
2024-09-09 13:30:55;19824;287;;
2024-09-09 13:30:55;20178;325;;
2024-09-09 13:30:55;20336;295;;
2024-09-09 13:30:55;20563;322;;
2024-09-09 13:30:55;20427;327;;
2024-09-09 13:30:55;19871;265;;
2024-09-09 13:30:55;18245;129;;
2024-09-09 13:30:55;17962;296;;
2024-09-09 13:30:55;18262;175;;
2024-09-09 13:30:55;19185;323;;
2024-09-09 13:30:55;19140;320;;
2024-09-09 13:30:55;19435;263;;
2024-09-09 13:30:55;19994;221;;
2024-09-09 13:30:55;20365;175;;
2024-09-09 13:30:55;20536;323;;
2024-09-09 13:30:55;20586;325;;
2024-09-09 13:30:55;20165;262;;
2024-09-09 13:30:55;19019;220;;
2024-09-09 13:30:55;18058;172;;
2024-09-09 13:30:55;17990;333;;
2024-09-09 13:30:55;18761;275;;
2024-09-09 13:30:55;19331;339;;
2024-09-09 13:30:55;19220;292;;
2024-09-09 13:30:55;19670;173;;
2024-09-09 13:30:56;20226;248;;
2024-09-09 13:30:56;20509;277;;
2024-09-09 13:30:56;20554;334;;
2024-09-09 13:30:56;20429;292;;
2024-09-09 13:30:56;19728;190;;
2024-09-09 13:30:56;18406;253;;
2024-09-09 13:30:56;17985;272;;
2024-09-09 13:30:56;18322;343;;
2024-09-09 13:30:56;19119;299;;
2024-09-09 13:30:56;18984;189;;
2024-09-09 13:30:56;19508;241;;
2024-09-09 13:30:56;20016;267;;
2024-09-09 13:30:56;51752;15605;;
2024-09-09 13:30:56;20523;295;;
2024-09-09 13:30:56;20412;186;;
2024-09-09 13:30:56;20190;245;;
2024-09-09 13:30:56;19119;262;;
2024-09-09 13:30:56;18207;347;;
2024-09-09 13:30:56;17905;298;;
2024-09-09 13:30:56;18546;186;;
2024-09-09 13:30:56;19253;228;;
2024-09-09 13:30:56;19217;263;;
2024-09-09 13:30:56;19743;338;;
2024-09-09 13:30:56;19851;287;;
2024-09-09 13:30:56;20278;192;;
2024-09-09 13:30:57;20529;230;;
2024-09-09 13:30:57;20483;252;;
2024-09-09 13:30:57;19977;341;;
2024-09-09 13:30:57;18439;325;;
2024-09-09 13:30:57;17933;319;;
2024-09-09 13:30:57;18061;244;;
2024-09-09 13:30:57;19004;125;;
2024-09-09 13:30:57;19174;281;;
2024-09-09 13:30:57;19505;330;;
2024-09-09 13:30:57;19883;314;;
2024-09-09 13:30:57;20253;242;;
2024-09-09 13:30:57;20382;124;;
2024-09-09 13:30:57;20589;296;;
2024-09-09 13:30:57;20255;175;;
2024-09-09 13:30:57;18879;266;;
2024-09-09 13:30:57;18104;279;;
2024-09-09 13:30:57;17933;335;;
2024-09-09 13:30:57;18701;282;;
2024-09-09 13:30:57;19001;158;;
2024-09-09 13:30:57;19250;268;;
2024-09-09 13:30:57;19866;285;;
2024-09-09 13:30:57;;;130;-999
2024-09-09 13:30:57;20232;335;;
2024-09-09 13:30:57;20381;278;;
2024-09-09 13:30:57;20441;168;;
2024-09-09 13:30:57;20481;250;;
2024-09-09 13:30:58;19992;277;;
2024-09-09 13:30:58;18381;337;;
2024-09-09 13:30:58;17856;287;;
2024-09-09 13:30:58;18301;293;;
2024-09-09 13:30:58;19146;224;;
2024-09-09 13:30:58;18999;155;;
2024-09-09 13:30:58;19604;282;;
2024-09-09 13:30:58;20047;327;;
2024-09-09 13:30:58;20297;298;;
2024-09-09 13:30:58;20535;220;;
2024-09-09 13:30:58;20453;168;;
2024-09-09 13:30:58;20332;286;;
2024-09-09 13:30:58;18881;329;;
2024-09-09 13:30:58;18014;305;;
2024-09-09 13:30:58;17929;226;;
2024-09-09 13:30:58;18661;152;;
2024-09-09 13:30:58;19244;290;;
2024-09-09 13:30:58;19229;330;;
2024-09-09 13:30:58;19670;306;;
2024-09-09 13:30:58;20162;230;;
2024-09-09 13:30:58;20328;153;;
2024-09-09 13:30:58;20648;291;;
2024-09-09 13:30:58;20522;329;;
2024-09-09 13:30:58;19900;307;;
2024-09-09 13:30:58;18305;232;;
2024-09-09 13:30:59;17837;144;;
2024-09-09 13:30:59;18217;292;;
2024-09-09 13:30:59;19148;324;;
2024-09-09 13:30:59;19083;309;;
2024-09-09 13:30:59;19378;233;;
2024-09-09 13:30:59;19863;147;;
2024-09-09 13:30:59;20397;292;;
2024-09-09 13:30:59;20530;321;;
2024-09-09 13:30:59;20516;308;;
2024-09-09 13:30:59;20282;313;;
2024-09-09 13:30:59;19049;216;;
2024-09-09 13:30:59;18093;233;;
2024-09-09 13:30:59;17944;186;;
2024-09-09 13:30:59;18815;343;;
2024-09-09 13:30:59;19283;316;;
2024-09-09 13:30:59;19008;223;;
2024-09-09 13:30:59;19719;233;;
2024-09-09 13:30:59;20228;182;;
2024-09-09 13:30:59;20470;333;;
2024-09-09 13:30:59;20601;312;;
2024-09-09 13:30:59;20309;221;;
2024-09-09 13:30:59;19904;234;;
2024-09-09 13:30:59;17893;234;;
2024-09-09 13:31:00;18885;292;;
2024-09-09 13:31:00;19129;287;;
2024-09-09 13:31:00;19373;217;;
2024-09-09 13:31:00;19844;161;;
2024-09-09 13:31:00;20363;292;;
2024-09-09 13:31:00;20481;323;;
2024-09-09 13:31:00;20492;291;;
2024-09-09 13:31:00;20241;174;;
2024-09-09 13:31:00;19068;196;;
2024-09-09 13:31:00;18246;233;;
2024-09-09 13:31:00;17978;246;;
2024-09-09 13:31:00;18627;336;;
2024-09-09 13:31:00;19216;302;;
2024-09-09 13:31:00;19028;200;;
2024-09-09 13:31:00;19637;236;;
2024-09-09 13:31:00;20151;242;;
2024-09-09 13:31:00;20472;339;;
2024-09-09 13:31:00;20578;310;;
2024-09-09 13:31:00;20326;203;;
2024-09-09 13:31:00;20118;241;;
2024-09-09 13:31:00;18542;240;;
2024-09-09 13:31:00;18036;339;;
2024-09-09 13:31:00;18183;314;;
2024-09-09 13:31:00;18959;329;;
2024-09-09 13:31:00;19060;255;;
2024-09-09 13:31:01;19350;134;;
2024-09-09 13:31:01;19947;312;;
2024-09-09 13:31:01;20359;322;;
2024-09-09 13:31:01;20497;327;;
2024-09-09 13:31:01;20367;264;;
2024-09-09 13:31:01;20293;246;;
2024-09-09 13:31:01;19096;213;;
2024-09-09 13:31:01;18114;178;;
2024-09-09 13:31:01;17973;339;;
2024-09-09 13:31:01;18530;330;;
2024-09-09 13:31:01;18869;232;;
2024-09-09 13:31:01;19142;213;;
2024-09-09 13:31:01;19753;184;;
2024-09-09 13:31:01;20224;324;;
2024-09-09 13:31:01;20412;324;;
2024-09-09 13:31:01;20444;254;;
2024-09-09 13:31:01;20438;216;;
2024-09-09 13:31:01;19791;177;;
2024-09-09 13:31:01;18532;250;;
2024-09-09 13:31:01;17995;273;;
2024-09-09 13:31:01;18184;339;;
2024-09-09 13:31:01;18973;290;;
2024-09-09 13:31:01;18978;169;;
2024-09-09 13:31:01;19470;251;;
2024-09-09 13:31:01;20097;285;;
2024-09-09 13:31:02;20342;351;;
2024-09-09 13:31:02;;;129;-999
2024-09-09 13:31:02;20427;289;;
2024-09-09 13:31:02;20419;171;;
2024-09-09 13:31:02;20386;245;;
2024-09-09 13:31:02;19248;266;;
2024-09-09 13:31:02;18251;349;;
2024-09-09 13:31:02;17927;299;;
2024-09-09 13:31:02;18410;190;;
2024-09-09 13:31:02;19247;243;;
2024-09-09 13:31:02;19201;262;;
2024-09-09 13:31:02;19700;337;;
2024-09-09 13:31:02;19842;344;;
2024-09-09 13:31:02;20165;169;;
2024-09-09 13:31:02;20571;238;;
2024-09-09 13:31:02;20530;267;;
2024-09-09 13:31:02;20118;342;;
2024-09-09 13:31:02;18525;293;;
2024-09-09 13:31:02;17845;184;;
2024-09-09 13:31:02;18140;237;;
2024-09-09 13:31:02;19004;268;;
2024-09-09 13:31:02;19255;339;;
2024-09-09 13:31:02;19431;294;;
2024-09-09 13:31:02;19817;180;;
2024-09-09 13:31:02;20278;238;;
2024-09-09 13:31:02;20506;260;;
2024-09-09 13:31:03;20576;340;;
2024-09-09 13:31:03;20349;285;;
2024-09-09 13:31:03;19347;187;;
2024-09-09 13:31:03;18197;236;;
2024-09-09 13:31:03;17947;269;;
2024-09-09 13:31:03;18511;338;;
2024-09-09 13:31:03;19231;282;;
2024-09-09 13:31:03;18981;181;;
2024-09-09 13:31:03;19572;231;;
2024-09-09 13:31:03;20110;255;;
2024-09-09 13:31:03;20431;349;;
2024-09-09 13:31:03;20530;294;;
2024-09-09 13:31:03;20360;189;;
2024-09-09 13:31:03;20065;239;;
2024-09-09 13:31:03;18862;250;;
2024-09-09 13:31:03;18011;342;;
2024-09-09 13:31:03;18025;300;;
2024-09-09 13:31:03;18729;185;;
2024-09-09 13:31:03;19214;232;;
2024-09-09 13:31:03;19354;252;;
2024-09-09 13:31:03;19843;346;;
2024-09-09 13:31:03;20222;299;;
2024-09-09 13:31:03;20316;188;;
2024-09-09 13:31:03;20558;233;;
2024-09-09 13:31:03;20190;345;;
2024-09-09 13:31:04;19591;335;;
2024-09-09 13:31:04;18321;298;;
2024-09-09 13:31:04;17758;195;;
2024-09-09 13:31:04;18376;234;;
2024-09-09 13:31:04;19215;256;;
2024-09-09 13:31:04;19148;341;;
2024-09-09 13:31:04;19555;297;;
2024-09-09 13:31:04;19898;197;;
2024-09-09 13:31:04;20355;247;;
2024-09-09 13:31:04;20532;245;;
2024-09-09 13:31:04;20655;342;;
2024-09-09 13:31:04;20111;291;;
2024-09-09 13:31:04;18603;190;;
2024-09-09 13:31:04;18050;230;;
2024-09-09 13:31:04;18034;249;;
2024-09-09 13:31:04;18788;341;;
2024-09-09 13:31:04;19202;311;;
2024-09-09 13:31:04;19201;199;;
2024-09-09 13:31:04;19834;245;;
2024-09-09 13:31:04;20517;274;;
2024-09-09 13:31:04;20485;348;;
2024-09-09 13:31:04;20556;314;;
2024-09-09 13:31:04;18221;289;;
2024-09-09 13:31:05;17977;239;;
2024-09-09 13:31:05;18627;346;;
2024-09-09 13:31:05;19213;311;;
2024-09-09 13:31:05;19052;206;;
2024-09-09 13:31:05;19712;231;;
2024-09-09 13:31:05;20172;232;;
2024-09-09 13:31:05;20465;339;;
2024-09-09 13:31:05;20543;309;;
2024-09-09 13:31:05;20541;335;;
2024-09-09 13:31:05;19903;265;;
2024-09-09 13:31:05;18462;140;;
2024-09-09 13:31:05;18054;296;;
2024-09-09 13:31:05;18154;236;;
2024-09-09 13:31:05;18962;328;;
2024-09-09 13:31:05;19080;256;;
2024-09-09 13:31:05;19324;125;;
2024-09-09 13:31:05;19981;282;;
2024-09-09 13:31:05;20371;306;;
2024-09-09 13:31:05;20476;331;;
2024-09-09 13:31:05;20514;275;;
2024-09-09 13:31:05;20167;259;;
2024-09-09 13:31:05;19104;218;;
2024-09-09 13:31:05;18162;170;;
2024-09-09 13:31:05;18018;327;;
2024-09-09 13:31:05;18523;329;;
2024-09-09 13:31:06;19198;269;;
2024-09-09 13:31:06;19118;214;;
2024-09-09 13:31:06;;;129;-999
2024-09-09 13:31:06;19649;176;;
2024-09-09 13:31:06;20254;330;;
2024-09-09 13:31:06;20455;330;;
2024-09-09 13:31:06;20404;260;;
2024-09-09 13:31:06;20433;226;;
2024-09-09 13:31:06;19935;174;;
2024-09-09 13:31:06;18597;324;;
2024-09-09 13:31:06;18017;327;;
2024-09-09 13:31:06;18065;183;;
2024-09-09 13:31:06;18946;219;;
2024-09-09 13:31:06;19133;166;;
2024-09-09 13:31:06;19509;309;;
2024-09-09 13:31:06;19923;323;;
2024-09-09 13:31:06;20169;269;;
2024-09-09 13:31:06;20395;216;;
2024-09-09 13:31:06;20499;172;;
2024-09-09 13:31:06;20487;313;;
2024-09-09 13:31:06;19270;324;;
2024-09-09 13:31:06;18055;267;;
2024-09-09 13:31:06;17906;209;;
2024-09-09 13:31:06;18512;163;;
2024-09-09 13:31:06;19301;312;;
2024-09-09 13:31:06;19160;324;;
2024-09-09 13:31:07;19564;272;;
2024-09-09 13:31:07;20122;207;;
2024-09-09 13:31:07;20316;168;;
2024-09-09 13:31:07;20558;305;;
2024-09-09 13:31:07;20528;271;;
2024-09-09 13:31:07;19970;273;;
2024-09-09 13:31:07;18488;219;;
2024-09-09 13:31:07;17921;177;;
2024-09-09 13:31:07;18028;338;;
2024-09-09 13:31:07;19031;323;;
2024-09-09 13:31:07;19201;271;;
2024-09-09 13:31:07;19385;205;;
2024-09-09 13:31:07;19805;157;;
2024-09-09 13:31:07;20290;304;;
2024-09-09 13:31:07;20519;330;;
2024-09-09 13:31:07;20586;275;;
2024-09-09 13:31:07;20344;209;;
2024-09-09 13:31:07;19166;162;;
2024-09-09 13:31:07;18131;290;;
2024-09-09 13:31:07;17947;329;;
2024-09-09 13:31:07;18548;277;;
2024-09-09 13:31:07;19205;210;;
2024-09-09 13:31:07;19011;187;;
2024-09-09 13:31:07;19628;295;;
2024-09-09 13:31:07;20005;285;;
2024-09-09 13:31:08;20424;281;;
2024-09-09 13:31:08;20301;147;;
2024-09-09 13:31:08;20355;157;;
2024-09-09 13:31:08;20027;292;;
2024-09-09 13:31:08;18620;337;;
2024-09-09 13:31:08;18052;288;;
2024-09-09 13:31:08;18023;215;;
2024-09-09 13:31:08;18782;169;;
2024-09-09 13:31:08;19203;293;;
2024-09-09 13:31:08;19317;330;;
2024-09-09 13:31:08;19867;288;;
2024-09-09 13:31:08;20286;210;;
2024-09-09 13:31:08;20360;161;;
2024-09-09 13:31:08;20634;295;;
2024-09-09 13:31:08;20435;322;;
2024-09-09 13:31:08;19604;287;;
2024-09-09 13:31:08;18214;218;;
2024-09-09 13:31:08;17769;180;;
2024-09-09 13:31:08;18345;290;;
2024-09-09 13:31:08;19275;336;;
2024-09-09 13:31:08;19142;283;;
2024-09-09 13:31:08;19622;220;;
2024-09-09 13:31:08;19925;171;;
2024-09-09 13:31:08;20418;285;;
2024-09-09 13:31:08;20556;325;;
2024-09-09 13:31:09;20603;283;;
2024-09-09 13:31:09;20103;222;;
2024-09-09 13:31:09;18625;162;;
2024-09-09 13:31:09;18020;287;;
2024-09-09 13:31:09;18045;338;;
2024-09-09 13:31:09;18810;292;;
2024-09-09 13:31:09;19218;226;;
2024-09-09 13:31:09;19295;199;;
2024-09-09 13:31:09;19789;233;;
2024-09-09 13:31:09;20084;246;;
2024-09-09 13:31:09;20509;342;;
2024-09-09 13:31:09;20558;292;;
2024-09-09 13:31:09;20371;193;;
2024-09-09 13:31:09;19528;238;;
2024-09-09 13:31:09;18223;253;;
2024-09-09 13:31:09;18005;334;;
2024-09-09 13:31:09;18404;295;;
2024-09-09 13:31:09;19231;203;;
2024-09-09 13:31:09;19024;240;;
2024-09-09 13:31:09;19461;253;;
2024-09-09 13:31:09;20079;340;;
2024-09-09 13:31:09;20398;296;;
2024-09-09 13:31:09;20451;313;;
2024-09-09 13:31:10;19876;247;;
2024-09-09 13:31:10;18389;118;;
2024-09-09 13:31:10;17894;292;;
2024-09-09 13:31:10;18108;319;;
2024-09-09 13:31:10;19064;316;;
2024-09-09 13:31:10;19120;254;128;-999
2024-09-09 13:31:10;19337;133;;
2024-09-09 13:31:10;19914;292;;
2024-09-09 13:31:10;20278;316;;
2024-09-09 13:31:10;20561;327;;
2024-09-09 13:31:10;20557;315;;
2024-09-09 13:31:10;20249;235;;
2024-09-09 13:31:10;19084;214;;
2024-09-09 13:31:10;18024;176;;
2024-09-09 13:31:10;17893;338;;
2024-09-09 13:31:10;18682;331;;
2024-09-09 13:31:10;19217;242;;
2024-09-09 13:31:10;19140;220;;
2024-09-09 13:31:10;19574;173;;
2024-09-09 13:31:10;20188;335;;
2024-09-09 13:31:10;20452;325;;
2024-09-09 13:31:10;20557;236;;
2024-09-09 13:31:10;20437;206;;
2024-09-09 13:31:10;19779;182;;
2024-09-09 13:31:10;18509;319;;
2024-09-09 13:31:11;17950;316;;
2024-09-09 13:31:11;18206;247;;
2024-09-09 13:31:11;19030;221;;
2024-09-09 13:31:11;18949;167;;
2024-09-09 13:31:11;19519;315;;
2024-09-09 13:31:11;20001;317;;
2024-09-09 13:31:11;20338;284;;
2024-09-09 13:31:11;20483;228;;
2024-09-09 13:31:11;20400;182;;
2024-09-09 13:31:11;20247;332;;
2024-09-09 13:31:11;19160;328;;
2024-09-09 13:31:11;17944;252;;
2024-09-09 13:31:11;17937;215;;
2024-09-09 13:31:11;18397;169;;
2024-09-09 13:31:11;19251;322;;
2024-09-09 13:31:11;19263;321;;
2024-09-09 13:31:11;19683;244;;
2024-09-09 13:31:11;20103;223;;
2024-09-09 13:31:11;20289;180;;
2024-09-09 13:31:11;20568;338;;
2024-09-09 13:31:11;20558;324;;
2024-09-09 13:31:11;19965;246;;
2024-09-09 13:31:11;18466;227;;
2024-09-09 13:31:11;17808;175;;
2024-09-09 13:31:11;18158;323;;
2024-09-09 13:31:12;19021;324;;
2024-09-09 13:31:12;19201;253;;
2024-09-09 13:31:12;19435;216;;
2024-09-09 13:31:12;19814;167;;
2024-09-09 13:31:12;20300;327;;
2024-09-09 13:31:12;20577;327;;
2024-09-09 13:31:12;20581;253;;
2024-09-09 13:31:12;20330;221;;
2024-09-09 13:31:12;19067;178;;
2024-09-09 13:31:12;18174;318;;
2024-09-09 13:31:12;17989;316;;
2024-09-09 13:31:12;18550;252;;
2024-09-09 13:31:12;19212;217;;
2024-09-09 13:31:12;18998;171;;
2024-09-09 13:31:12;19723;318;;
2024-09-09 13:31:12;20156;323;;
2024-09-09 13:31:12;20344;239;;
2024-09-09 13:31:12;20479;215;;
2024-09-09 13:31:12;20328;169;;
2024-09-09 13:31:12;20136;322;;
2024-09-09 13:31:12;18585;326;;
2024-09-09 13:31:12;17968;254;;
2024-09-09 13:31:12;17960;221;;
2024-09-09 13:31:12;18813;169;;
2024-09-09 13:31:12;19176;319;;
2024-09-09 13:31:13;19324;321;;
2024-09-09 13:31:13;51329;51497;;
2024-09-09 13:31:13;19965;203;;
2024-09-09 13:31:13;20351;170;;
2024-09-09 13:31:13;20552;322;;
2024-09-09 13:31:13;20445;330;;
2024-09-09 13:31:13;19590;248;;
2024-09-09 13:31:13;17903;137;;
2024-09-09 13:31:13;17760;162;;
2024-09-09 13:31:13;18462;257;;
2024-09-09 13:31:13;19153;281;;
2024-09-09 13:31:13;19186;330;;
2024-09-09 13:31:13;19628;286;;
2024-09-09 13:31:13;20049;158;;
2024-09-09 13:31:13;20346;299;;
2024-09-09 13:31:13;20459;285;;
2024-09-09 13:31:13;20550;338;;
2024-09-09 13:31:13;20127;275;;
2024-09-09 13:31:13;18554;172;;
2024-09-09 13:31:13;17960;250;;
2024-09-09 13:31:13;17884;289;;
2024-09-09 13:31:13;18958;342;;
2024-09-09 13:31:13;19214;282;;
2024-09-09 13:31:13;19215;170;;
2024-09-09 13:31:13;19822;247;;
2024-09-09 13:31:14;20068;284;;
2024-09-09 13:31:14;20489;338;;
2024-09-09 13:31:14;20618;283;;
2024-09-09 13:31:14;;;;-999
2024-09-09 13:31:14;;;134;
2024-09-09 13:31:14;20278;160;;
2024-09-09 13:31:14;19500;255;;
2024-09-09 13:31:14;18104;276;;
2024-09-09 13:31:14;17937;335;;
2024-09-09 13:31:14;18366;287;;
2024-09-09 13:31:14;19238;163;;
2024-09-09 13:31:14;18984;251;;
2024-09-09 13:31:14;19497;288;;
2024-09-09 13:31:14;20132;337;;
2024-09-09 13:31:14;20367;286;;
2024-09-09 13:31:14;20488;177;;
2024-09-09 13:31:14;20516;261;;
2024-09-09 13:31:14;20047;286;;
2024-09-09 13:31:14;18837;343;;
2024-09-09 13:31:14;18043;287;;
2024-09-09 13:31:14;17908;183;;
2024-09-09 13:31:14;18710;250;;
2024-09-09 13:31:14;19066;288;;
2024-09-09 13:31:14;19402;341;;
2024-09-09 13:31:15;20354;329;;
2024-09-09 13:31:15;20487;255;;
2024-09-09 13:31:15;19696;209;;
2024-09-09 13:31:15;18142;168;;
2024-09-09 13:31:15;17954;315;;
2024-09-09 13:31:15;18388;323;;
2024-09-09 13:31:15;19152;271;;
2024-09-09 13:31:15;19086;224;;
2024-09-09 13:31:15;19454;165;;
2024-09-09 13:31:15;20042;244;;
2024-09-09 13:31:15;20259;283;;
2024-09-09 13:31:15;20573;337;;
2024-09-09 13:31:15;20587;321;;
2024-09-09 13:31:15;20152;332;;
2024-09-09 13:31:15;18856;323;;
2024-09-09 13:31:15;18103;329;;
2024-09-09 13:31:15;18113;274;;
2024-09-09 13:31:15;19027;290;;
2024-09-09 13:31:15;19105;219;;
2024-09-09 13:31:15;19485;292;;
2024-09-09 13:31:15;19945;177;;
2024-09-09 13:31:15;20354;246;;
2024-09-09 13:31:15;20466;149;;
2024-09-09 13:31:15;20547;242;;
2024-09-09 13:31:15;20018;134;;
2024-09-09 13:31:16;18730;216;;
2024-09-09 13:31:16;17873;178;;
2024-09-09 13:31:16;18060;230;;
2024-09-09 13:31:16;18917;197;;
2024-09-09 13:31:16;19082;271;;
2024-09-09 13:31:16;19299;132;;
2024-09-09 13:31:16;19967;215;;
2024-09-09 13:31:16;20129;175;;
2024-09-09 13:31:16;20458;225;;
2024-09-09 13:31:16;20440;215;;
2024-09-09 13:31:16;20097;268;;
2024-09-09 13:31:16;18694;263;;
2024-09-09 13:31:16;17971;282;;
2024-09-09 13:31:16;17998;300;;
2024-09-09 13:31:16;18947;225;;
2024-09-09 13:31:16;19032;227;;
2024-09-09 13:31:16;19389;242;;
2024-09-09 13:31:16;19772;145;;
2024-09-09 13:31:16;20226;219;;
2024-09-09 13:31:16;20331;173;;
2024-09-09 13:31:16;20512;228;;
2024-09-09 13:31:16;20112;220;;
2024-09-09 13:31:16;18722;268;;
2024-09-09 13:31:16;17970;146;;
2024-09-09 13:31:17;18016;205;;
2024-09-09 13:31:17;18697;176;;
2024-09-09 13:31:17;19109;232;;
2024-09-09 13:31:17;19308;214;;
2024-09-09 13:31:17;19887;274;;
2024-09-09 13:31:17;20235;265;;
2024-09-09 13:31:17;20433;272;;
2024-09-09 13:31:17;20418;174;;
2024-09-09 13:31:17;20206;233;;
2024-09-09 13:31:17;19019;147;;
2024-09-09 13:31:17;18146;284;;
2024-09-09 13:31:17;17583;216;;
2024-09-09 13:31:17;18769;283;;
2024-09-09 13:31:17;19170;169;;
2024-09-09 13:31:17;19345;310;;
2024-09-09 13:31:17;19834;318;;
2024-09-09 13:31:17;20279;341;;
2024-09-09 13:31:17;20517;322;;
2024-09-09 13:31:17;20511;309;;
2024-09-09 13:31:17;20331;230;;
2024-09-09 13:31:17;19462;154;;
2024-09-09 13:31:17;18188;237;;
2024-09-09 13:31:17;17999;209;;
2024-09-09 13:31:17;18446;290;;
2024-09-09 13:31:18;19215;179;;
2024-09-09 13:31:18;19175;248;;
2024-09-09 13:31:18;19627;147;;
2024-09-09 13:31:18;20132;237;;
2024-09-09 13:31:18;20303;148;;
2024-09-09 13:31:18;20535;214;;
2024-09-09 13:31:18;20302;185;;
2024-09-09 13:31:18;19493;224;;
2024-09-09 13:31:18;18161;218;;
2024-09-09 13:31:18;;;127;-999
2024-09-09 13:31:18;17834;265;;
2024-09-09 13:31:18;18241;128;;
2024-09-09 13:31:18;19235;211;;
2024-09-09 13:31:18;18999;175;;
2024-09-09 13:31:18;19637;226;;
2024-09-09 13:31:18;20024;204;;
2024-09-09 13:31:18;20446;236;;
2024-09-09 13:31:18;20470;133;;
2024-09-09 13:31:18;20472;286;;
2024-09-09 13:31:18;19895;175;;
2024-09-09 13:31:18;18365;241;;
2024-09-09 13:31:18;17763;146;;
2024-09-09 13:31:18;18379;277;;
2024-09-09 13:31:18;19229;330;;
2024-09-09 13:31:18;19032;305;;
2024-09-09 13:31:19;19591;305;;
2024-09-09 13:31:19;19876;215;;
2024-09-09 13:31:19;20409;241;;
2024-09-09 13:31:19;20498;214;;
2024-09-09 13:31:19;20594;343;;
2024-09-09 13:31:19;20133;314;;
2024-09-09 13:31:19;18695;218;;
2024-09-09 13:31:19;18094;234;;
2024-09-09 13:31:19;17997;208;;
2024-09-09 13:31:19;18712;337;;
2024-09-09 13:31:19;19157;310;;
2024-09-09 13:31:19;19248;215;;
2024-09-09 13:31:19;19856;235;;
2024-09-09 13:31:19;20232;217;;
2024-09-09 13:31:19;20497;332;;
2024-09-09 13:31:19;20514;306;;
2024-09-09 13:31:19;20323;217;;
2024-09-09 13:31:19;19695;237;;
2024-09-09 13:31:19;18255;206;;
2024-09-09 13:31:19;17964;278;;
2024-09-09 13:31:19;18417;308;;
2024-09-09 13:31:20;20587;336;;
2024-09-09 13:31:20;20059;262;;
2024-09-09 13:31:20;18730;206;;
2024-09-09 13:31:20;18062;166;;
2024-09-09 13:31:20;18061;316;;
2024-09-09 13:31:20;18751;334;;
2024-09-09 13:31:20;19087;265;;
2024-09-09 13:31:20;19267;280;;
2024-09-09 13:31:20;19643;180;;
2024-09-09 13:31:20;20195;241;;
2024-09-09 13:31:20;20481;277;;
2024-09-09 13:31:20;20590;339;;
2024-09-09 13:31:20;20400;281;;
2024-09-09 13:31:20;19421;178;;
2024-09-09 13:31:20;18390;238;;
2024-09-09 13:31:20;17974;268;;
2024-09-09 13:31:20;18400;344;;
2024-09-09 13:31:20;19173;290;;
2024-09-09 13:31:20;18935;178;;
2024-09-09 13:31:20;19615;252;;
2024-09-09 13:31:20;20064;276;;
2024-09-09 13:31:20;20360;333;;
2024-09-09 13:31:20;20583;331;;
2024-09-09 13:31:21;20534;291;;
2024-09-09 13:31:21;20099;224;;
2024-09-09 13:31:21;18719;147;;
2024-09-09 13:31:21;18084;295;;
2024-09-09 13:31:21;18024;313;;
2024-09-09 13:31:21;18719;300;;
2024-09-09 13:31:21;19099;222;;
2024-09-09 13:31:21;19169;139;;
2024-09-09 13:31:21;19870;288;;
2024-09-09 13:31:21;20262;318;;
2024-09-09 13:31:21;20448;305;;
2024-09-09 13:31:21;20572;321;;
2024-09-09 13:31:21;20239;210;;
2024-09-09 13:31:21;19578;249;;
2024-09-09 13:31:21;18341;201;;
2024-09-09 13:31:21;17974;337;;
2024-09-09 13:31:21;18360;312;;
2024-09-09 13:31:21;19093;214;;
2024-09-09 13:31:21;19092;240;;
2024-09-09 13:31:21;19495;194;;
2024-09-09 13:31:21;20070;334;;
2024-09-09 13:31:21;20406;305;;
2024-09-09 13:31:21;20553;340;;
2024-09-09 13:31:21;20552;279;;
2024-09-09 13:31:21;19993;82;;
2024-09-09 13:31:22;18723;293;;
2024-09-09 13:31:22;18001;313;;
2024-09-09 13:31:22;18005;324;;
2024-09-09 13:31:22;18716;273;;
2024-09-09 13:31:22;19075;136;;
2024-09-09 13:31:22;19333;279;;
2024-09-09 13:31:22;19923;303;;
2024-09-09 13:31:22;20282;333;;
2024-09-09 13:31:22;20506;271;;
2024-09-09 13:31:22;20394;136;;
2024-09-09 13:31:22;20489;285;;
2024-09-09 13:31:22;19609;305;;
2024-09-09 13:31:22;18339;331;;
2024-09-09 13:31:22;17829;272;;
2024-09-09 13:31:22;18248;138;;
2024-09-09 13:31:22;;;130;-999
2024-09-09 13:31:22;19217;293;;
2024-09-09 13:31:22;19114;308;;
2024-09-09 13:31:22;19564;359;;
2024-09-09 13:31:22;19974;258;;
2024-09-09 13:31:22;20199;145;;
2024-09-09 13:31:22;20545;285;;
2024-09-09 13:31:22;20647;307;;
2024-09-09 13:31:22;20121;336;;
2024-09-09 13:31:22;18720;262;;
2024-09-09 13:31:22;17944;132;;
2024-09-09 13:31:23;18072;284;;
2024-09-09 13:31:23;18783;312;;
2024-09-09 13:31:23;19172;332;;
2024-09-09 13:31:23;19255;272;;
2024-09-09 13:31:23;19683;140;;
2024-09-09 13:31:23;20245;283;;
2024-09-09 13:31:23;20517;307;;
2024-09-09 13:31:23;20549;331;;
2024-09-09 13:31:23;20376;272;;
2024-09-09 13:31:23;19482;138;;
2024-09-09 13:31:23;18331;293;;
2024-09-09 13:31:23;18000;316;;
2024-09-09 13:31:23;18329;327;;
2024-09-09 13:31:23;19056;269;;
2024-09-09 13:31:23;19003;142;;
2024-09-09 13:31:23;19313;357;;
2024-09-09 13:31:23;20090;307;;
2024-09-09 13:31:23;20343;329;;
2024-09-09 13:31:23;20441;272;;
2024-09-09 13:31:23;20467;137;;
2024-09-09 13:31:23;20277;280;;
2024-09-09 13:31:23;18999;303;;
2024-09-09 13:31:23;18077;340;;
2024-09-09 13:31:23;17827;273;;
2024-09-09 13:31:23;18605;143;;
2024-09-09 13:31:24;19262;290;;
2024-09-09 13:31:24;19249;302;;
2024-09-09 13:31:24;19752;328;;
2024-09-09 13:31:24;20173;279;;
2024-09-09 13:31:24;20374;143;;
2024-09-09 13:31:24;20551;283;;
2024-09-09 13:31:24;20522;306;;
2024-09-09 13:31:24;19921;328;;
2024-09-09 13:31:24;18325;268;;
2024-09-09 13:31:24;17811;138;;
2024-09-09 13:31:24;18124;279;;
2024-09-09 13:31:24;19170;310;;
2024-09-09 13:31:24;19150;335;;
2024-09-09 13:31:24;19274;344;;
2024-09-09 13:31:24;19948;265;;
2024-09-09 13:31:24;20345;212;;
2024-09-09 13:31:24;20513;171;;
2024-09-09 13:31:24;20575;314;;
2024-09-09 13:31:24;20257;337;;
2024-09-09 13:31:24;18898;333;;
2024-09-09 13:31:24;18102;325;;
2024-09-09 13:31:24;19175;322;;
2024-09-09 13:31:24;19142;326;;
2024-09-09 13:31:25;19587;309;;
2024-09-09 13:31:25;19917;213;;
2024-09-09 13:31:25;20357;235;;
2024-09-09 13:31:25;20608;206;;
2024-09-09 13:31:25;20532;335;;
2024-09-09 13:31:25;20128;320;;
2024-09-09 13:31:25;18711;220;;
2024-09-09 13:31:25;18058;233;;
2024-09-09 13:31:25;18067;195;;
2024-09-09 13:31:25;18778;335;;
2024-09-09 13:31:25;19227;307;;
2024-09-09 13:31:25;19229;219;;
2024-09-09 13:31:25;19824;244;;
2024-09-09 13:31:25;20234;196;;
2024-09-09 13:31:25;20518;349;;
2024-09-09 13:31:25;20515;307;;
2024-09-09 13:31:25;20284;216;;
2024-09-09 13:31:25;19675;240;;
2024-09-09 13:31:25;18350;190;;
2024-09-09 13:31:25;18003;340;;
2024-09-09 13:31:25;18334;319;;
2024-09-09 13:31:25;19019;214;;
2024-09-09 13:31:25;19079;240;;
2024-09-09 13:31:25;19458;149;;
2024-09-09 13:31:25;20126;279;;
2024-09-09 13:31:26;20361;308;;
2024-09-09 13:31:26;20501;332;;
2024-09-09 13:31:26;20470;281;;
2024-09-09 13:31:26;20172;149;;
2024-09-09 13:31:26;18820;279;;
2024-09-09 13:31:26;17765;316;;
2024-09-09 13:31:26;17997;337;;
2024-09-09 13:31:26;18668;274;;
2024-09-09 13:31:26;19069;145;;
2024-09-09 13:31:26;19313;283;;
2024-09-09 13:31:26;19895;307;;
2024-09-09 13:31:26;20262;333;;
2024-09-09 13:31:26;20429;273;;
2024-09-09 13:31:26;20421;147;;
2024-09-09 13:31:26;20480;282;;
2024-09-09 13:31:26;19745;300;;
2024-09-09 13:31:26;18348;331;;
2024-09-09 13:31:26;17915;269;;
2024-09-09 13:31:26;18198;136;;
2024-09-09 13:31:26;19203;276;;
2024-09-09 13:31:26;;;128;-999
2024-09-09 13:31:26;19218;302;;
2024-09-09 13:31:26;19571;323;;
2024-09-09 13:31:26;20034;283;;
2024-09-09 13:31:26;20202;145;;
2024-09-09 13:31:26;20534;280;;
2024-09-09 13:31:27;20581;302;;
2024-09-09 13:31:27;20286;332;;
2024-09-09 13:31:27;18909;276;;
2024-09-09 13:31:27;17919;139;;
2024-09-09 13:31:27;17902;273;;
2024-09-09 13:31:27;18808;300;;
2024-09-09 13:31:27;19281;336;;
2024-09-09 13:31:27;19123;275;;
2024-09-09 13:31:27;19567;152;;
2024-09-09 13:31:27;20249;278;;
2024-09-09 13:31:27;20468;303;;
2024-09-09 13:31:27;20585;330;;
2024-09-09 13:31:27;20409;283;;
2024-09-09 13:31:27;19832;150;;
2024-09-09 13:31:27;18365;273;;
2024-09-09 13:31:27;17992;296;;
2024-09-09 13:31:27;18219;335;;
2024-09-09 13:31:27;19046;277;;
2024-09-09 13:31:27;19025;147;;
2024-09-09 13:31:27;19524;273;;
2024-09-09 13:31:27;19979;288;;
2024-09-09 13:31:27;20291;335;;
2024-09-09 13:31:27;20418;277;;
2024-09-09 13:31:27;20379;141;;
2024-09-09 13:31:27;20236;271;;
2024-09-09 13:31:28;19191;289;;
2024-09-09 13:31:28;18136;345;;
2024-09-09 13:31:28;17893;281;;
2024-09-09 13:31:28;18352;157;;
2024-09-09 13:31:28;19210;270;;
2024-09-09 13:31:28;19213;282;;
2024-09-09 13:31:28;19785;340;;
2024-09-09 13:31:28;20076;277;;
2024-09-09 13:31:28;20115;150;;
2024-09-09 13:31:28;20583;273;;
2024-09-09 13:31:28;20544;298;;
2024-09-09 13:31:28;19984;343;;
2024-09-09 13:31:28;18477;287;;
2024-09-09 13:31:28;17810;166;;
2024-09-09 13:31:28;18203;261;;
2024-09-09 13:31:28;19017;283;;
2024-09-09 13:31:28;19160;327;;
2024-09-09 13:31:28;19444;273;;
2024-09-09 13:31:28;19781;160;;
2024-09-09 13:31:28;20327;258;;
2024-09-09 13:31:28;20558;280;;
2024-09-09 13:31:28;20549;332;;
2024-09-09 13:31:28;20325;276;;
2024-09-09 13:31:28;19019;155;;
2024-09-09 13:31:28;17969;230;;
2024-09-09 13:31:29;17762;199;;
2024-09-09 13:31:29;18708;242;;
2024-09-09 13:31:29;19211;229;;
2024-09-09 13:31:29;19230;349;;
2024-09-09 13:31:29;19782;305;;
2024-09-09 13:31:29;20007;199;;
2024-09-09 13:31:29;20441;255;;
2024-09-09 13:31:29;20591;236;;
2024-09-09 13:31:29;20545;345;;
2024-09-09 13:31:29;19935;314;;
2024-09-09 13:31:29;18372;198;;
2024-09-09 13:31:29;17950;235;;
2024-09-09 13:31:29;18144;221;;
2024-09-09 13:31:29;19128;338;;
2024-09-09 13:31:29;19087;293;;
2024-09-09 13:31:29;19345;198;;
2024-09-09 13:31:29;20003;237;;
2024-09-09 13:31:29;20287;227;;
2024-09-09 13:31:29;20595;333;;
2024-09-09 13:31:29;20601;308;;
2024-09-09 13:31:29;20150;208;;
2024-09-09 13:31:29;17902;319;;
2024-09-09 13:31:29;18165;323;;
2024-09-09 13:31:30;19151;335;;
2024-09-09 13:31:30;19026;278;;
2024-09-09 13:31:30;19332;168;;
2024-09-09 13:31:30;20018;223;;
2024-09-09 13:31:30;20219;162;;
2024-09-09 13:31:30;20512;235;;
2024-09-09 13:31:30;20519;220;;
2024-09-09 13:31:30;20194;338;;
2024-09-09 13:31:30;18802;311;;
2024-09-09 13:31:30;17926;203;;
2024-09-09 13:31:30;18014;240;;
2024-09-09 13:31:30;18743;217;;
2024-09-09 13:31:30;19255;342;;
2024-09-09 13:31:30;19320;319;;
2024-09-09 13:31:30;19711;211;;
2024-09-09 13:31:30;20248;241;;
2024-09-09 13:31:30;20508;217;;
2024-09-09 13:31:30;20281;286;;
2024-09-09 13:31:30;;;128;-999
2024-09-09 13:31:30;20528;308;;
2024-09-09 13:31:30;19618;333;;
2024-09-09 13:31:30;18265;272;;
2024-09-09 13:31:30;17796;140;;
2024-09-09 13:31:30;18373;295;;
2024-09-09 13:31:30;19251;302;;
2024-09-09 13:31:30;19114;333;;
2024-09-09 13:31:31;19290;277;;
2024-09-09 13:31:31;19950;145;;
2024-09-09 13:31:31;20376;282;;
2024-09-09 13:31:31;20619;318;;
2024-09-09 13:31:31;20534;331;;
2024-09-09 13:31:31;20189;273;;
2024-09-09 13:31:31;18664;139;;
2024-09-09 13:31:31;17964;276;;
2024-09-09 13:31:31;18084;305;;
2024-09-09 13:31:31;18725;328;;
2024-09-09 13:31:31;19200;276;;
2024-09-09 13:31:31;19186;141;;
2024-09-09 13:31:31;19916;273;;
2024-09-09 13:31:31;20333;306;;
2024-09-09 13:31:31;20411;333;;
2024-09-09 13:31:31;20468;278;;
2024-09-09 13:31:31;20338;141;;
2024-09-09 13:31:31;19903;276;;
2024-09-09 13:31:31;18377;311;;
2024-09-09 13:31:31;17942;337;;
2024-09-09 13:31:31;18212;281;;
2024-09-09 13:31:31;18985;153;;
2024-09-09 13:31:31;19134;281;;
2024-09-09 13:31:31;19588;292;;
2024-09-09 13:31:31;20054;337;;
2024-09-09 13:31:32;20323;276;;
2024-09-09 13:31:32;20353;143;;
2024-09-09 13:31:32;20558;267;;
2024-09-09 13:31:32;20272;286;;
2024-09-09 13:31:32;18873;335;;
2024-09-09 13:31:32;18017;283;;
2024-09-09 13:31:32;17761;150;;
2024-09-09 13:31:32;18728;270;;
2024-09-09 13:31:32;19252;331;;
2024-09-09 13:31:32;19216;334;;
2024-09-09 13:31:32;19648;282;;
2024-09-09 13:31:32;20033;149;;
2024-09-09 13:31:32;20446;264;;
2024-09-09 13:31:32;20621;288;;
2024-09-09 13:31:32;20474;334;;
2024-09-09 13:31:32;19910;277;;
2024-09-09 13:31:32;18285;163;;
2024-09-09 13:31:32;17950;265;;
2024-09-09 13:31:32;18161;291;;
2024-09-09 13:31:32;19161;235;;
2024-09-09 13:31:32;19141;222;;
2024-09-09 13:31:32;19362;174;;
2024-09-09 13:31:32;19942;322;;
2024-09-09 13:31:32;20390;313;;
2024-09-09 13:31:32;20476;337;;
2024-09-09 13:31:33;20558;213;;
2024-09-09 13:31:33;20159;177;;
2024-09-09 13:31:33;19131;323;;
2024-09-09 13:31:33;18221;319;;
2024-09-09 13:31:33;17944;248;;
2024-09-09 13:31:33;18465;219;;
2024-09-09 13:31:33;18869;115;;
2024-09-09 13:31:33;19178;329;;
2024-09-09 13:31:33;19816;318;;
2024-09-09 13:31:33;20249;243;;
2024-09-09 13:31:33;20396;216;;
2024-09-09 13:31:33;20493;173;;
2024-09-09 13:31:33;20520;327;;
2024-09-09 13:31:33;19983;320;;
2024-09-09 13:31:33;18567;244;;
2024-09-09 13:31:33;18022;285;;
2024-09-09 13:31:33;18244;299;;
2024-09-09 13:31:33;19104;224;;
2024-09-09 13:31:33;18942;158;;
2024-09-09 13:31:33;19460;286;;
2024-09-09 13:31:33;19962;319;;
2024-09-09 13:31:33;20401;297;;
2024-09-09 13:31:33;20515;218;;
2024-09-09 13:31:33;20458;149;;
2024-09-09 13:31:33;20226;280;;
2024-09-09 13:31:34;18792;216;;
2024-09-09 13:31:34;18076;348;;
2024-09-09 13:31:34;18001;309;;
2024-09-09 13:31:34;18748;204;;
2024-09-09 13:31:34;19134;236;;
2024-09-09 13:31:34;19034;208;;
2024-09-09 13:31:34;19722;334;;
2024-09-09 13:31:34;20299;320;;
2024-09-09 13:31:34;20420;214;;
2024-09-09 13:31:34;20255;238;;
2024-09-09 13:31:34;20384;214;;
2024-09-09 13:31:34;19924;283;;
2024-09-09 13:31:34;18443;320;;
2024-09-09 13:31:34;17960;209;;
2024-09-09 13:31:34;18130;238;;
2024-09-09 13:31:34;19032;210;;
2024-09-09 13:31:34;19162;337;;
2024-09-09 13:31:34;19530;306;;
2024-09-09 13:31:34;;;129;-999
2024-09-09 13:31:34;20003;219;;
2024-09-09 13:31:34;20261;233;;
2024-09-09 13:31:34;20373;202;;
2024-09-09 13:31:35;19017;235;;
2024-09-09 13:31:35;19080;149;;
2024-09-09 13:31:35;19409;286;;
2024-09-09 13:31:35;19938;306;;
2024-09-09 13:31:35;20410;335;;
2024-09-09 13:31:35;20557;278;;
2024-09-09 13:31:35;20482;144;;
2024-09-09 13:31:35;20244;275;;
2024-09-09 13:31:35;19078;312;;
2024-09-09 13:31:35;18163;330;;
2024-09-09 13:31:35;17998;276;;
2024-09-09 13:31:35;18534;143;;
2024-09-09 13:31:35;19202;287;;
2024-09-09 13:31:35;19122;310;;
2024-09-09 13:31:35;19754;341;;
2024-09-09 13:31:35;20173;276;;
2024-09-09 13:31:35;20323;131;;
2024-09-09 13:31:35;20548;277;;
2024-09-09 13:31:35;20517;299;;
2024-09-09 13:31:35;20007;334;;
2024-09-09 13:31:35;18558;279;;
2024-09-09 13:31:35;17876;157;;
2024-09-09 13:31:35;18091;275;;
2024-09-09 13:31:36;19008;308;;
2024-09-09 13:31:36;19224;346;;
2024-09-09 13:31:36;19472;287;;
2024-09-09 13:31:36;19931;262;;
2024-09-09 13:31:36;20217;276;;
2024-09-09 13:31:36;20474;306;;
2024-09-09 13:31:36;20658;339;;
2024-09-09 13:31:36;20360;288;;
2024-09-09 13:31:36;19137;148;;
2024-09-09 13:31:36;18130;269;;
2024-09-09 13:31:36;17896;300;;
2024-09-09 13:31:36;18602;327;;
2024-09-09 13:31:36;19222;278;;
2024-09-09 13:31:36;19067;159;;
2024-09-09 13:31:36;19632;279;;
2024-09-09 13:31:36;20099;296;;
2024-09-09 13:31:36;20437;329;;
2024-09-09 13:31:36;20606;270;;
2024-09-09 13:31:36;20430;160;;
2024-09-09 13:31:36;19909;273;;
2024-09-09 13:31:36;18453;297;;
2024-09-09 13:31:36;18001;362;;
2024-09-09 13:31:36;18164;271;;
2024-09-09 13:31:36;18868;163;;
2024-09-09 13:31:36;19128;274;;
2024-09-09 13:31:37;19376;301;;
2024-09-09 13:31:37;19746;332;;
2024-09-09 13:31:37;20347;286;;
2024-09-09 13:31:37;20386;158;;
2024-09-09 13:31:37;20582;281;;
2024-09-09 13:31:37;20313;291;;
2024-09-09 13:31:37;19294;330;;
2024-09-09 13:31:37;18257;281;;
2024-09-09 13:31:37;17874;156;;
2024-09-09 13:31:37;18512;264;;
2024-09-09 13:31:37;19154;295;;
2024-09-09 13:31:37;19217;335;;
2024-09-09 13:31:37;19731;275;;
2024-09-09 13:31:37;20115;161;;
2024-09-09 13:31:37;20364;256;;
2024-09-09 13:31:37;20465;285;;
2024-09-09 13:31:37;20538;336;;
2024-09-09 13:31:37;20170;286;;
2024-09-09 13:31:37;18532;152;;
2024-09-09 13:31:37;17959;266;;
2024-09-09 13:31:37;17919;281;;
2024-09-09 13:31:37;19012;331;;
2024-09-09 13:31:37;19228;287;;
2024-09-09 13:31:37;19261;168;;
2024-09-09 13:31:37;19822;258;;
2024-09-09 13:31:38;20247;287;;
2024-09-09 13:31:38;20542;337;;
2024-09-09 13:31:38;20649;287;;
2024-09-09 13:31:38;20373;170;;
2024-09-09 13:31:38;19492;249;;
2024-09-09 13:31:38;18148;287;;
2024-09-09 13:31:38;17983;282;;
2024-09-09 13:31:38;18568;336;;
2024-09-09 13:31:38;19281;300;;
2024-09-09 13:31:38;19093;229;;
2024-09-09 13:31:38;19503;164;;
2024-09-09 13:31:38;20092;291;;
2024-09-09 13:31:38;20383;323;;
2024-09-09 13:31:38;20571;300;;
2024-09-09 13:31:38;20494;226;;
2024-09-09 13:31:38;19986;149;;
2024-09-09 13:31:38;18600;281;;
2024-09-09 13:31:38;18011;318;;
2024-09-09 13:31:38;18043;299;;
2024-09-09 13:31:38;18918;235;;
2024-09-09 13:31:38;19071;152;;
2024-09-09 13:31:38;19312;289;;
2024-09-09 13:31:38;19483;329;;
2024-09-09 13:31:38;20372;307;;
2024-09-09 13:31:38;20451;233;;
2024-09-09 13:31:38;;;130;-999
2024-09-09 13:31:39;20421;143;;
2024-09-09 13:31:39;20374;290;;
2024-09-09 13:31:39;19606;331;;
2024-09-09 13:31:39;18271;318;;
2024-09-09 13:31:39;17939;236;;
2024-09-09 13:31:39;18275;158;;
2024-09-09 13:31:39;19233;302;;
2024-09-09 13:31:39;19148;331;;
2024-09-09 13:31:39;19669;314;;
2024-09-09 13:31:39;20099;221;;
2024-09-09 13:31:39;20204;149;;
2024-09-09 13:31:39;20514;287;;
2024-09-09 13:31:39;20529;327;;
2024-09-09 13:31:39;20131;309;;
2024-09-09 13:31:39;18814;227;;
2024-09-09 13:31:39;17609;149;;
2024-09-09 13:31:39;18019;297;;
2024-09-09 13:31:39;18754;329;;
2024-09-09 13:31:39;19221;312;;
2024-09-09 13:31:39;19282;227;;
2024-09-09 13:31:39;19692;145;;
2024-09-09 13:31:40;19125;296;;
2024-09-09 13:31:40;19502;325;;
2024-09-09 13:31:40;20007;312;;
2024-09-09 13:31:40;20319;241;;
2024-09-09 13:31:40;20384;144;;
2024-09-09 13:31:40;20496;288;;
2024-09-09 13:31:40;20405;337;;
2024-09-09 13:31:40;19184;312;;
2024-09-09 13:31:40;18201;238;;
2024-09-09 13:31:40;17812;140;;
2024-09-09 13:31:40;18484;293;;
2024-09-09 13:31:40;19286;329;;
2024-09-09 13:31:40;19211;318;;
2024-09-09 13:31:40;19749;237;;
2024-09-09 13:31:40;20078;144;;
2024-09-09 13:31:40;20357;290;;
2024-09-09 13:31:40;20569;327;;
2024-09-09 13:31:40;20576;320;;
2024-09-09 13:31:40;20086;239;;
2024-09-09 13:31:40;18378;130;;
2024-09-09 13:31:40;17959;298;;
2024-09-09 13:31:41;18034;330;;
2024-09-09 13:31:41;19066;324;;
2024-09-09 13:31:41;19214;255;;
2024-09-09 13:31:41;19298;139;;
2024-09-09 13:31:41;19870;297;;
2024-09-09 13:31:41;20330;333;;
2024-09-09 13:31:41;20549;316;;
2024-09-09 13:31:41;20643;260;;
2024-09-09 13:31:41;20287;124;;
2024-09-09 13:31:41;19501;229;;
2024-09-09 13:31:41;18082;162;;
2024-09-09 13:31:41;17924;277;;
2024-09-09 13:31:41;18514;161;;
2024-09-09 13:31:41;19313;292;;
2024-09-09 13:31:41;19262;334;;
2024-09-09 13:31:41;19761;339;;
2024-09-09 13:31:41;20216;309;;
2024-09-09 13:31:41;20370;324;;
2024-09-09 13:31:41;20582;323;;
2024-09-09 13:31:41;20498;340;;
2024-09-09 13:31:41;19734;324;;
2024-09-09 13:31:41;18366;346;;
2024-09-09 13:31:41;17991;328;;
2024-09-09 13:31:41;18459;342;;
2024-09-09 13:31:42;19270;288;;
2024-09-09 13:31:42;19254;271;;
2024-09-09 13:31:42;19753;241;;
2024-09-09 13:31:42;20245;310;;
2024-09-09 13:31:42;20443;171;;
2024-09-09 13:31:42;20591;265;;
2024-09-09 13:31:42;20380;169;;
2024-09-09 13:31:42;19730;240;;
2024-09-09 13:31:42;18345;239;;
2024-09-09 13:31:42;17926;301;;
2024-09-09 13:31:42;18362;182;;
2024-09-09 13:31:42;19216;257;;
2024-09-09 13:31:42;19065;159;;
2024-09-09 13:31:42;19759;246;;
2024-09-09 13:31:42;20118;125;;
2024-09-09 13:31:42;20358;221;;
2024-09-09 13:31:42;20439;176;;
2024-09-09 13:31:42;20385;225;;
2024-09-09 13:31:42;19628;216;;
2024-09-09 13:31:42;18269;271;;
2024-09-09 13:31:42;17855;261;;
2024-09-09 13:31:42;18283;286;;
2024-09-09 13:31:42;19165;300;;
2024-09-09 13:31:42;18836;314;;
2024-09-09 13:31:43;19722;332;;
2024-09-09 13:31:43;20143;326;;
2024-09-09 13:31:43;20448;339;;
2024-09-09 13:31:43;20491;294;;
2024-09-09 13:31:43;20129;201;;
2024-09-09 13:31:43;20008;263;;
2024-09-09 13:31:43;18576;271;;
2024-09-09 13:31:43;17994;293;;
2024-09-09 13:31:43;18265;325;;
2024-09-09 13:31:43;;;113;-999
2024-09-09 13:31:43;19087;334;;
2024-09-09 13:31:43;19180;300;;
2024-09-09 13:31:43;19667;313;;
2024-09-09 13:31:43;20129;329;;
2024-09-09 13:31:43;20250;265;;
2024-09-09 13:31:43;20393;209;;
2024-09-09 13:31:43;20422;179;;
2024-09-09 13:31:43;20168;242;;
2024-09-09 13:31:43;18680;138;;
2024-09-09 13:31:43;18019;247;;
2024-09-09 13:31:43;17980;185;;
2024-09-09 13:31:43;18879;210;;
2024-09-09 13:31:43;18977;191;;
2024-09-09 13:31:43;19429;236;;
2024-09-09 13:31:43;19874;133;;
2024-09-09 13:31:44;20378;291;;
2024-09-09 13:31:44;20553;327;;
2024-09-09 13:31:44;20525;313;;
2024-09-09 13:31:44;20247;315;;
2024-09-09 13:31:44;19048;234;;
2024-09-09 13:31:44;18056;180;;
2024-09-09 13:31:44;17950;188;;
2024-09-09 13:31:44;18598;335;;
2024-09-09 13:31:44;19339;321;;
2024-09-09 13:31:44;19053;229;;
2024-09-09 13:31:44;19686;227;;
2024-09-09 13:31:44;20193;180;;
2024-09-09 13:31:44;20509;332;;
2024-09-09 13:31:44;20622;294;;
2024-09-09 13:31:44;20510;345;;
2024-09-09 13:31:44;20011;333;;
2024-09-09 13:31:44;18360;287;;
2024-09-09 13:31:44;17898;305;;
2024-09-09 13:31:44;18350;322;;
2024-09-09 13:31:44;19212;325;;
2024-09-09 13:31:44;19791;158;;
2024-09-09 13:31:44;20037;237;;
2024-09-09 13:31:44;20374;129;;
2024-09-09 13:31:45;20591;299;;
2024-09-09 13:31:45;20367;167;;
2024-09-09 13:31:45;19214;333;;
2024-09-09 13:31:45;18204;221;;
2024-09-09 13:31:45;17825;248;;
2024-09-09 13:31:45;18470;221;;
2024-09-09 13:31:45;19245;176;;
2024-09-09 13:31:45;19180;328;;
2024-09-09 13:31:45;19751;331;;
2024-09-09 13:31:45;20207;342;;
2024-09-09 13:31:45;20399;299;;
2024-09-09 13:31:45;20400;188;;
2024-09-09 13:31:45;20395;226;;
2024-09-09 13:31:45;19758;212;;
2024-09-09 13:31:45;18386;232;;
2024-09-09 13:31:45;17965;222;;
2024-09-09 13:31:45;18232;339;;
2024-09-09 13:31:45;19139;305;;
2024-09-09 13:31:45;19136;330;;
2024-09-09 13:31:45;19449;265;;
2024-09-09 13:31:45;19880;141;;
2024-09-09 13:31:45;20350;297;;
2024-09-09 13:31:45;20573;309;;
2024-09-09 13:31:45;20629;317;;
2024-09-09 13:31:45;20297;339;;
2024-09-09 13:31:46;18826;344;;
2024-09-09 13:31:46;18030;291;;
2024-09-09 13:31:46;17813;185;;
2024-09-09 13:31:46;18725;236;;
2024-09-09 13:31:46;19119;146;;
2024-09-09 13:31:46;19384;294;;
2024-09-09 13:31:46;19602;401;;
2024-09-09 13:31:46;20208;311;;
2024-09-09 13:31:46;20353;229;;
2024-09-09 13:31:46;20458;145;;
2024-09-09 13:31:46;20441;286;;
2024-09-09 13:31:46;19656;337;;
2024-09-09 13:31:46;18288;308;;
2024-09-09 13:31:46;17848;237;;
2024-09-09 13:31:46;18305;138;;
2024-09-09 13:31:46;19155;284;;
2024-09-09 13:31:46;19174;334;;
2024-09-09 13:31:46;19570;314;;
2024-09-09 13:31:46;19979;241;;
2024-09-09 13:31:46;20277;225;;
2024-09-09 13:31:46;20518;251;;
2024-09-09 13:31:46;20574;196;;
2024-09-09 13:31:46;20146;338;;
2024-09-09 13:31:46;18764;316;;
2024-09-09 13:31:46;17940;225;;
2024-09-09 13:31:47;17937;228;;
2024-09-09 13:31:47;18793;192;;
2024-09-09 13:31:47;19321;345;;
2024-09-09 13:31:47;19336;314;;
2024-09-09 13:31:47;19730;231;;
2024-09-09 13:31:47;20257;234;;
2024-09-09 13:31:47;20491;189;;
2024-09-09 13:31:47;20602;342;;
2024-09-09 13:31:47;20524;316;;
2024-09-09 13:31:47;19564;228;;
2024-09-09 13:31:47;18331;228;;
2024-09-09 13:31:47;17902;181;;
2024-09-09 13:31:47;18477;342;;
2024-09-09 13:31:47;;;130;-999
2024-09-09 13:31:47;19177;321;;
2024-09-09 13:31:47;19034;242;;
2024-09-09 13:31:47;19560;227;;
2024-09-09 13:31:47;20033;186;;
2024-09-09 13:31:47;20423;334;;
2024-09-09 13:31:47;20462;320;;
2024-09-09 13:31:47;20432;234;;
2024-09-09 13:31:47;20222;229;;
2024-09-09 13:31:47;18835;189;;
2024-09-09 13:31:47;18144;336;;
2024-09-09 13:31:47;17976;325;;
2024-09-09 13:31:47;18744;341;;
2024-09-09 13:31:48;19199;232;;
2024-09-09 13:31:48;19324;344;;
2024-09-09 13:31:48;19854;307;;
2024-09-09 13:31:48;20100;221;;
2024-09-09 13:31:48;20396;257;;
2024-09-09 13:31:48;20482;134;;
2024-09-09 13:31:48;20464;292;;
2024-09-09 13:31:48;19603;334;;
2024-09-09 13:31:48;18230;326;;
2024-09-09 13:31:48;18036;326;;
2024-09-09 13:31:48;18431;246;;
2024-09-09 13:31:48;19198;213;;
2024-09-09 13:31:48;19101;191;;
2024-09-09 13:31:48;19686;326;;
2024-09-09 13:31:48;20036;330;;
2024-09-09 13:31:48;20304;263;;
2024-09-09 13:31:48;20526;226;;
2024-09-09 13:31:48;20473;174;;
2024-09-09 13:31:48;20158;339;;
2024-09-09 13:31:48;18809;331;;
2024-09-09 13:31:48;17904;267;;
2024-09-09 13:31:48;17917;216;;
2024-09-09 13:31:48;18910;180;;
2024-09-09 13:31:48;19327;318;;
2024-09-09 13:31:49;19407;343;;
2024-09-09 13:31:49;19755;268;;
2024-09-09 13:31:49;20238;213;;
2024-09-09 13:31:49;20432;171;;
2024-09-09 13:31:49;20578;329;;
2024-09-09 13:31:49;20447;331;;
2024-09-09 13:31:49;19406;278;;
2024-09-09 13:31:49;18287;215;;
2024-09-09 13:31:49;17839;173;;
2024-09-09 13:31:49;18418;315;;
2024-09-09 13:31:49;19269;334;;
2024-09-09 13:31:49;19065;279;;
2024-09-09 13:31:49;19525;214;;
2024-09-09 13:31:49;20058;177;;
2024-09-09 13:31:49;20424;311;;
2024-09-09 13:31:49;20619;331;;
2024-09-09 13:31:49;20510;267;;
2024-09-09 13:31:49;20111;214;;
2024-09-09 13:31:49;18738;164;;
2024-09-09 13:31:49;18117;311;;
2024-09-09 13:31:49;18024;333;;
2024-09-09 13:31:49;19239;305;;
2024-09-09 13:31:49;19809;262;;
2024-09-09 13:31:49;20244;266;;
2024-09-09 13:31:50;20471;189;;
2024-09-09 13:31:50;20616;336;;
2024-09-09 13:31:50;20403;328;;
2024-09-09 13:31:50;19829;237;;
2024-09-09 13:31:50;18320;225;;
2024-09-09 13:31:50;17952;182;;
2024-09-09 13:31:50;18344;337;;
2024-09-09 13:31:50;19118;328;;
2024-09-09 13:31:50;19010;247;;
2024-09-09 13:31:50;19491;218;;
2024-09-09 13:31:50;20014;188;;
2024-09-09 13:31:50;20405;333;;
2024-09-09 13:31:50;20514;320;;
2024-09-09 13:31:50;20491;246;;
2024-09-09 13:31:50;20219;236;;
2024-09-09 13:31:50;19118;180;;
2024-09-09 13:31:50;18134;330;;
2024-09-09 13:31:50;17959;326;;
2024-09-09 13:31:50;18548;242;;
2024-09-09 13:31:50;19219;213;;
2024-09-09 13:31:50;19130;174;;
2024-09-09 13:31:50;19796;254;;
2024-09-09 13:31:50;20361;295;;
2024-09-09 13:31:50;20453;287;;
2024-09-09 13:31:51;20581;325;;
2024-09-09 13:31:51;20412;304;;
2024-09-09 13:31:51;19930;230;;
2024-09-09 13:31:51;18194;160;;
2024-09-09 13:31:51;18017;281;;
2024-09-09 13:31:51;18335;332;;
2024-09-09 13:31:51;19092;303;;
2024-09-09 13:31:51;19101;222;;
2024-09-09 13:31:51;19438;160;;
2024-09-09 13:31:51;20124;298;;
2024-09-09 13:31:51;20423;324;;
2024-09-09 13:31:51;20509;309;;
2024-09-09 13:31:51;20529;232;;
2024-09-09 13:31:51;20110;148;;
2024-09-09 13:31:51;19219;290;;
2024-09-09 13:31:51;;;127;-999
2024-09-09 13:31:51;18069;330;;
2024-09-09 13:31:51;17881;317;;
2024-09-09 13:31:51;18647;234;;
2024-09-09 13:31:51;19138;145;;
2024-09-09 13:31:51;19197;294;;
2024-09-09 13:31:51;19821;332;;
2024-09-09 13:31:51;20200;307;;
2024-09-09 13:31:51;20408;242;;
2024-09-09 13:31:51;20540;148;;
2024-09-09 13:31:51;20545;294;;
2024-09-09 13:31:52;19957;339;;
2024-09-09 13:31:52;18402;304;;
2024-09-09 13:31:52;17900;236;;
2024-09-09 13:31:52;18055;141;;
2024-09-09 13:31:52;19177;291;;
2024-09-09 13:31:52;19215;330;;
2024-09-09 13:31:52;19477;313;;
2024-09-09 13:31:52;19923;233;;
2024-09-09 13:31:52;20258;141;;
2024-09-09 13:31:52;20556;290;;
2024-09-09 13:31:52;20625;322;;
2024-09-09 13:31:52;20252;315;;
2024-09-09 13:31:52;19073;242;;
2024-09-09 13:31:52;17958;138;;
2024-09-09 13:31:52;17949;294;;
2024-09-09 13:31:52;18600;322;;
2024-09-09 13:31:52;19149;329;;
2024-09-09 13:31:52;19087;242;;
2024-09-09 13:31:52;19642;136;;
2024-09-09 13:31:52;20191;298;;
2024-09-09 13:31:52;20490;326;;
2024-09-09 13:31:52;20549;324;;
2024-09-09 13:31:52;20467;258;;
2024-09-09 13:31:52;19806;124;;
2024-09-09 13:31:52;18575;298;;
2024-09-09 13:31:53;18014;329;;
2024-09-09 13:31:53;18126;329;;
2024-09-09 13:31:53;18948;248;;
2024-09-09 13:31:53;19076;132;;
2024-09-09 13:31:53;19516;303;;
2024-09-09 13:31:53;20022;318;;
2024-09-09 13:31:53;20304;339;;
2024-09-09 13:31:53;20445;259;;
2024-09-09 13:31:53;20423;132;;
2024-09-09 13:31:53;20342;293;;
2024-09-09 13:31:53;19194;321;;
2024-09-09 13:31:53;18187;335;;
2024-09-09 13:31:53;17891;273;;
2024-09-09 13:31:53;18434;258;;
2024-09-09 13:31:53;19208;218;;
2024-09-09 13:31:53;19090;174;;
2024-09-09 13:31:53;19857;327;;
2024-09-09 13:31:53;20139;329;;
2024-09-09 13:31:53;20294;260;;
2024-09-09 13:31:53;20539;218;;
2024-09-09 13:31:53;20500;172;;
2024-09-09 13:31:53;20073;342;;
2024-09-09 13:31:53;18598;343;;
2024-09-09 13:31:53;17893;269;;
2024-09-09 13:31:53;18142;207;;
2024-09-09 13:31:54;18946;158;;
2024-09-09 13:31:54;19259;311;;
2024-09-09 13:31:54;19514;336;;
2024-09-09 13:31:54;19880;268;;
2024-09-09 13:31:54;20262;210;;
2024-09-09 13:31:54;20403;182;;
2024-09-09 13:31:54;20678;311;;
2024-09-09 13:31:54;20439;325;;
2024-09-09 13:31:54;19223;271;;
2024-09-09 13:31:54;18232;212;;
2024-09-09 13:31:54;17896;173;;
2024-09-09 13:31:54;18595;305;;
2024-09-09 13:31:54;19272;335;;
2024-09-09 13:31:54;19093;274;;
2024-09-09 13:31:54;19645;207;;
2024-09-09 13:31:54;20106;186;;
2024-09-09 13:31:54;20509;307;;
2024-09-09 13:31:54;20620;327;;
2024-09-09 13:31:54;20409;291;;
2024-09-09 13:31:54;20012;209;;
2024-09-09 13:31:54;17618;205;;
2024-09-09 13:31:54;18433;195;;
2024-09-09 13:31:54;19161;249;;
2024-09-09 13:31:54;19038;138;;
2024-09-09 13:31:55;19778;296;;
2024-09-09 13:31:55;20165;326;;
2024-09-09 13:31:55;20408;329;;
2024-09-09 13:31:55;20468;252;;
2024-09-09 13:31:55;20396;130;;
2024-09-09 13:31:55;20032;295;;
2024-09-09 13:31:55;18620;317;;
2024-09-09 13:31:55;18010;322;;
2024-09-09 13:31:55;18104;261;;
2024-09-09 13:31:55;18821;131;;
2024-09-09 13:31:55;19230;290;;
2024-09-09 13:31:55;19580;319;;
2024-09-09 13:31:55;19946;333;;
2024-09-09 13:31:55;20235;261;;
2024-09-09 13:31:55;20302;131;;
2024-09-09 13:31:55;20505;289;;
2024-09-09 13:31:55;20359;311;;
2024-09-09 13:31:55;19248;325;;
2024-09-09 13:31:55;18145;266;;
2024-09-09 13:31:55;17862;122;;
2024-09-09 13:31:55;18580;294;;
2024-09-09 13:31:55;19269;324;;
2024-09-09 13:31:55;;;;-999
2024-09-09 13:31:55;;;128;
2024-09-09 13:31:55;19174;331;;
2024-09-09 13:31:55;19694;267;;
2024-09-09 13:31:55;20074;137;;
2024-09-09 13:31:56;20443;293;;
2024-09-09 13:31:56;20579;321;;
2024-09-09 13:31:56;20524;337;;
2024-09-09 13:31:56;20102;284;;
2024-09-09 13:31:56;18491;147;;
2024-09-09 13:31:56;18002;285;;
2024-09-09 13:31:56;18064;304;;
2024-09-09 13:31:56;18954;339;;
2024-09-09 13:31:56;19134;265;;
2024-09-09 13:31:56;19239;144;;
2024-09-09 13:31:56;19847;282;;
2024-09-09 13:31:56;20321;303;;
2024-09-09 13:31:56;20538;337;;
2024-09-09 13:31:56;20555;283;;
2024-09-09 13:31:56;20262;146;;
2024-09-09 13:31:56;19226;219;;
2024-09-09 13:31:56;18181;171;;
2024-09-09 13:31:56;18028;330;;
2024-09-09 13:31:56;18562;337;;
2024-09-09 13:31:56;19343;354;;
2024-09-09 13:31:56;19209;322;;
2024-09-09 13:31:56;19709;320;;
2024-09-09 13:31:56;20113;252;;
2024-09-09 13:31:56;20294;133;;
2024-09-09 13:31:56;20641;299;;
2024-09-09 13:31:57;20587;326;;
2024-09-09 13:31:57;19949;318;;
2024-09-09 13:31:57;18498;248;;
2024-09-09 13:31:57;17899;129;;
2024-09-09 13:31:57;18210;298;;
2024-09-09 13:31:57;19002;322;;
2024-09-09 13:31:57;19167;381;;
2024-09-09 13:31:57;19451;329;;
2024-09-09 13:31:57;19845;257;;
2024-09-09 13:31:57;20264;223;;
2024-09-09 13:31:57;20497;179;;
2024-09-09 13:31:57;20692;333;;
2024-09-09 13:31:57;20440;320;;
2024-09-09 13:31:57;19054;247;;
2024-09-09 13:31:57;18185;226;;
2024-09-09 13:31:57;17900;170;;
2024-09-09 13:31:57;18619;330;;
2024-09-09 13:31:57;19263;329;;
2024-09-09 13:31:57;19051;256;;
2024-09-09 13:31:57;19722;223;;
2024-09-09 13:31:57;20098;183;;
2024-09-09 13:31:57;20491;332;;
2024-09-09 13:31:57;20602;329;;
2024-09-09 13:31:57;20425;256;;
2024-09-09 13:31:57;19989;223;;
2024-09-09 13:31:58;18538;175;;
2024-09-09 13:31:58;18054;318;;
2024-09-09 13:31:58;18159;276;;
2024-09-09 13:31:58;19051;346;;
2024-09-09 13:31:58;19209;334;;
2024-09-09 13:31:58;19561;341;;
2024-09-09 13:31:58;19940;326;;
2024-09-09 13:31:58;20220;215;;
2024-09-09 13:31:58;20532;236;;
2024-09-09 13:31:58;20569;195;;
2024-09-09 13:31:58;20291;333;;
2024-09-09 13:31:58;19111;304;;
2024-09-09 13:31:58;17973;230;;
2024-09-09 13:31:58;17959;240;;
2024-09-09 13:31:58;18587;199;;
2024-09-09 13:31:58;19326;347;;
2024-09-09 13:31:58;19159;322;;
2024-09-09 13:31:58;19677;228;;
2024-09-09 13:31:58;20081;248;;
2024-09-09 13:31:58;20435;191;;
2024-09-09 13:31:58;20661;337;;
2024-09-09 13:31:58;20508;324;;
2024-09-09 13:31:58;19787;225;;
2024-09-09 13:31:58;18408;278;;
2024-09-09 13:31:59;17797;152;;
2024-09-09 13:31:59;18190;273;;
2024-09-09 13:31:59;19129;296;;
2024-09-09 13:31:59;19097;339;;
2024-09-09 13:31:59;19416;234;;
2024-09-09 13:31:59;19901;181;;
2024-09-09 13:31:59;20303;340;;
2024-09-09 13:31:59;20569;311;;
2024-09-09 13:31:59;20609;250;;
2024-09-09 13:31:59;20358;290;;
2024-09-09 13:31:59;19041;160;;
2024-09-09 13:31:59;18123;272;;
2024-09-09 13:31:59;17783;288;;
2024-09-09 13:31:59;18710;292;;
2024-09-09 13:31:59;19290;202;;
2024-09-09 13:31:59;19231;294;;
2024-09-09 13:31:59;19783;223;;
2024-09-09 13:31:59;20070;160;;
2024-09-09 13:31:59;20463;297;;
2024-09-09 13:31:59;20597;324;;
2024-09-09 13:31:59;19118;291;;
2024-09-09 13:31:59;18162;290;;
2024-09-09 13:31:59;17908;234;;
2024-09-09 13:31:59;;;130;-999
2024-09-09 13:31:59;18508;163;;
